31	Immunohistochemistry
16	Prognosis
14	Apoptosis
12	Breast cancer
12	Histopathology
12	Oxidative stress
9	Cytology
8	Papillary thyroid carcinoma
8	Thyroid
6	Kidney
6	Metastasis
6	Mutation
6	Ovary
6	p53
6	Prostate cancer
6	Ultrasonography
5	BCL-2
5	fine needle aspiration cytology
5	Rat
5	Squamous cell carcinoma
5	Survival
5	TERT
4	Adenocarcinoma
4	atypia of undetermined significance
4	Biopsy
4	Breast
4	Breast carcinoma
4	Colorectal cancer
4	INFLAMMATION
4	Ki-67
4	Liver
4	Pathology
4	Pregnancy
4	Ultrastructure
4	Urothelial carcinoma
3	asthma
3	Bethesda
3	Brain
3	Carcinoma
3	CD133
3	CD44
3	Children
3	Classification
3	Clear cell renal cell carcinoma
3	Colon cancer
3	Diabetes mellitus
3	Differential diagnosis
3	Fine needle aspiration
3	Fine needle aspiration biopsy
3	fine-needle aspiration (FNA)
3	Fine-needle aspiration biopsy
3	FISH
3	flow cytometry
3	Gestational diabetes mellitus
3	Gleason score
3	head and neck
3	Hepatocellular carcinoma
3	Leptin
3	Lung cancer
3	Lymph node
3	Malignant
3	Malondialdehyde
3	newborn
3	Ochratoxin A
3	Pancreas
3	Placenta
3	prenatal diagnosis
3	Resveratrol
3	Testis
3	Thyroid nodule
3	Tumor budding
2	Acetaminophen
2	Ancillary testing
2	Angiogenesis
2	antioxidant
2	Antioxidant enzymes
2	Atherosclerosis
2	B cell
2	Beclin 1
2	Benign
2	Bethesda classification
2	Bethesda system for reporting thyroid cytopathology
2	Biochemistry
2	Biomarkers
2	Bone
2	BRAF
2	BRAF V600E
2	Carbaryl
2	CD24
2	cervical intraepithelial neoplasia
2	Chronic hepatitis C
2	Cirrhosis
2	Core needle biopsy
2	Cribriform pattern
2	cytopathology
2	Differentiation
2	Dog
2	DOG1
2	E-cadherin
2	EBV
2	Endometrial hyperplasia
2	Estrogen receptor-alpha
2	Fibrosis
2	fine-needle aspiration cytology
2	Gallbladder
2	Gastric cancer
2	Gastrointestinal tract
2	GATA3
2	Guidelines
2	HBME-1
2	Hepatitis C virus
2	Hepatotoxicity
2	HER2
2	HIF-1α
2	Horse
2	HPV
2	Human papillomavirus
2	In situ carcinoma
2	In situ hybridization
2	iNOS
2	International Mesothelioma Interest Group
2	Ki67
2	KIT
2	Lipid peroxidation
2	Lymph node metastasis
2	lymphoma
2	Malignancy
2	Malignant mesothelioma
2	Mantle cell lymphoma
2	Melatonin
2	Microarray
2	Microvessel density
2	miRNA
2	molecular
2	Morphology
2	Neoadjuvant therapy
2	neonate
2	Neuroendocrine tumor
2	neuropathology
2	Paleopathology
2	Pancreatic cancer
2	Parathyroid adenoma
2	PAX2
2	PAX8
2	PCNSL
2	pediatric
2	Polymorphism
2	Predictive marker
2	Proliferation
2	Prostate adenocarcinoma
2	Pyrosequencing
2	Retinoic acid
2	salivary gland
2	Skin
2	smokeless tobacco
2	squash smear cytology
2	Stem cells
2	superoxide dismutase
2	TAS
2	Telomerase reverse transcriptase
2	Thiol/disulfide homeostasis
2	Thymus
2	thyroid carcinoma
2	thyroid nodules
2	TNF-α
2	Toxoplasma gondii
2	transmission electron microscopy
2	TTF-1
2	Tumor deposit
2	Uterine cervix
2	Uterus
2	Vascular invasion
2	Vitamin E
2	Wound healing
2	α-Synuclein
1	#insitupathologists
1	(1)O(2)
1	4THM
1	4TLM
1	5,5′-dithiobis-(2-nitrobenzoic) acid
1	5-thio-2-nitrobenzoic acid
1	50 g glucose challenge test
1	8-OHdG
1	a single center experience
1	A-431
1	AAS
1	accuracy
1	ACTG2 gene mutation
1	Actinic keratosis
1	Acute leukemia
1	ADAMTS
1	ADAMTS-13
1	ADAMTS4
1	ADAMTS5
1	adenoid cystic carcinoma
1	adenosquamous carcinoma
1	adiponectin
1	adipophilin
1	adipose tissue
1	adrenal gland
1	Adrenal lymphomas
1	Adrenomedullin
1	advanced glycation end products
1	Adverse perinatal outcomes
1	Afirma
1	Aggressive
1	aggressive variant
1	AKR1B1
1	AKR1B10
1	ALDH1
1	Alkaptonuria
1	alpha-enolase
1	Ameloblastoma
1	amianthoid fiber
1	amniotic membranes
1	ampullary pregnancy
1	Amyloid A
1	Anaplastic lymphoma kinase
1	Androgen Receptor
1	Anhydramnios
1	anti-IgE
1	anti-mitochondrial antibodies
1	anti-nuclear antibodies
1	anti-smooth muscle antibodies
1	Antibody validation
1	Antinuclear antibody
1	antitransglutaminase antibody
1	Aorta
1	Aortic aneurysm
1	Aortic dissection
1	AP-1
1	APE-Asp148Glu
1	apoptosis inhibitor protein
1	AR
1	Arachidonic acid
1	Archeozoology
1	ARES
1	arginine
1	ARID-1A
1	ASC-H
1	Ascending aorta
1	aspiration
1	Associated malignant tumor
1	ATF-2
1	Atypical parathyroid adenoma
1	atypical teratoid rhabdoid tumor
1	AUS, Bethesda, FLUS, FNA, malignancy risk, thyroid
1	AUS/FLUS
1	Autoantibodies
1	autoantibody
1	autoimmune hepatitis
1	autoimmune liver diseases
1	automated screening system
1	Autophagy
1	Autoverification
1	bactericidy
1	Balkan endemic nephropathy
1	basal cell carcinoma
1	Basigin
1	Behçet's disease
1	BEN
1	Bethesda category III
1	Bethesda category IV nodules
1	Bethesda system
1	bilateral
1	Bile duct adenoma
1	Biliary acute pancreatitis
1	biliary atresia
1	Biliary hamartoma
1	Bilirubin
1	Biomarker
1	biostimulation
1	Bladder
1	Bladder cancer
1	Bladder carcinoma
1	Bladder neoplasm
1	Bladder urothelial tumor
1	Blastic plasmacytoid dendritic cell neoplasm
1	blood urea nitrogen
1	Blue nevi
1	blueberry
1	blunt cardiac contusion
1	blunt chest trauma
1	bone marrow
1	Bone metastasis
1	bone tumors
1	Borderline seromucinous tumor
1	bosniak classification of renal cysts
1	bovine
1	brachyury
1	BRAF mutation
1	BRAF(V600E)
1	BRAF-like papillary carcinoma
1	BRCA1/2
1	breast cytopathology
1	breast pathology
1	bronchial aspiration
1	bronchial brushing
1	bronchopulmonary dysplasia
1	BubR1
1	buccal mucosa
1	budesonide
1	Bufotes variabilis
1	BUN
1	c-kit
1	C4d
1	C5a receptor
1	CA9
1	Cadmium
1	calcium-sensing receptor
1	Calretinin
1	cancer
1	CANCER RESEARCH
1	Cancer stem cell
1	Cancer stem cell marker
1	Cancer stem cells
1	Candida
1	Carbon tetrachloride
1	carbonic anhydrase IX (CA-IX)
1	Carcinoma of unknown primary
1	cardiac damage
1	Cardiac lymphoma
1	Cardiac metastasis
1	Cardiac operation
1	cardiovascular disease
1	Carnosine
1	caspase
1	Caspase-8
1	Caspofungin
1	CaSR
1	CAT
1	catalase
1	Caveolin 1
1	CD 90
1	CD10
1	CD147
1	CD34
1	CD44/CD24
1	CD56
1	CD90
1	CDKN2A
1	cefoperazone-sulbactam
1	Celiac disease
1	cell block
1	cell signaling
1	cellular diameter
1	Central giant cell granuloma
1	Central nervous system
1	cerebrospinal fluid cytology
1	cervical cytology
1	cervical lymph node
1	cervical smear
1	cesarean
1	cesarean section
1	Chalkley counting
1	Chemo-resistance
1	Chemotherapy sensitivity
1	ChIP-sequencing
1	chloride-bicarbonate exchanger
1	Cholangiocarcinoma
1	Cholesterol
1	CHOP chemotherapy
1	chorionic tissue
1	Choroid plexus papilloma
1	chronic hepatitis
1	Chronic lymphocytic leukemia
1	Chronic suppurative otitis media
1	Churg-Strauss syndrome
1	CIP2A
1	CK20
1	Classical variant of papillary thyroid carcinoma
1	Claudin-1
1	Claudin-4
1	Claudin-5
1	clear cell sarcoma
1	cleft lip and palate
1	cleft lip/palate
1	Clinical laboratory
1	Clinical management
1	Clinicopathological features
1	CML
1	co-receptor
1	Coeliac disease
1	cognitive function
1	Colchicine
1	Collagen type II alpha 1 (COL2A1)
1	collagenous sprue
1	Colon
1	Colonization
1	Colorectal carcinoma
1	colposcopy
1	columnar cell variant
1	columnar variant
1	Combination therapy
1	Comet assay
1	complement
1	Complexin 1
1	complicated celiac disease
1	composite
1	Computer simulation
1	Congenital cystic adenomatoid malformation
1	Congenital diarrhea
1	congenital heart defects
1	congenital pulmonary airway malformation
1	Consanguinity
1	Consanguinité
1	conventional cytology
1	copper
1	Coronary artery ectasia
1	Coronary fat embolism
1	Corpus luteum
1	cotesting
1	Counting mitosis
1	Crimean-Congo hemorrhagic fever
1	Curcumin
1	cutaneous involvement of systemic lymphoma
1	Cutaneous squamous cell carcinoma
1	Cutaneous T-cell lymphoma
1	CVID
1	CXCR4
1	Cyclophosphamide
1	Cylin-dependent kinase inhibitors
1	cytohistological correlation
1	cytomorphological features
1	Cytomorphology
1	cytomorphometrics
1	cytomorphometry
1	Cytoskeleton
1	D2-40
1	decidua
1	Degenerative joint diseases
1	dehydroepiandrosterone (DHEA)
1	delivery
1	DENSpm
1	Dental pulp
1	dermatopathology
1	dermoscopy
1	desmoplastic trichoepithelioma
1	Desmosom
1	detection rate
1	di(ethylhexyl)phthalate
1	diagnostic
1	diagnostic accuracy
1	diagnostic adequacy rate
1	diagnostic value
1	dialysis
1	diethylenetriamine pentaacetic acid
1	diethylnitrosamine
1	Diffuse large B-cell lymphoma
1	diffuse sclerosing variant
1	Diffuse-infiltrative
1	digestive tract
1	Discospondylitis
1	disease activity
1	Disease extent
1	DNA damage
1	DNA repair
1	Double-expressor lymphoma
1	Doxorubicin
1	DPPA4
1	DTNB
1	DTPA
1	Dual SISH
1	Early detection
1	early gastric cancer
1	early pregnancy
1	early stage
1	EBER
1	eccrine differentiation
1	Eccrine tumors
1	Echocardiography
1	efficacy
1	EGF
1	EIN
1	elastin
1	Electron microscope
1	electron microscopy
1	Embolism
1	embryopathy
1	emergency medicine
1	EMMPRIN
1	EMT
1	end-stage renal disease (ESRD)
1	endobronchial ultrasonography
1	endocervical cells
1	Endocervical glandular involvement
1	Endometrial carcinoma
1	Endometrial intraepithelial neoplasia
1	endometrial neoplasms
1	endometrioid carcinoma
1	Endometrium
1	Endoplasmic reticulum stress
1	endoscopic ultrasound (EUS)
1	endothelin-1
1	enteroepithelial stages
1	Enteropathy
1	eosinophilic granulomatosis with poliangiitis
1	Ependymoma
1	epidermal growth factor receptor
1	epidermotropic
1	Epithelioid malignant peripheral nerve sheath tumor
1	Epstein-Barr virus
1	Epstein-Barr virus positive diffuse large B cell lymphoma of the elderly
1	Equivocal
1	ESM1
1	Esophageal cancer
1	esophagus
1	Estrogen receptor
1	etanercept
1	ethyl pyruvate
1	Ewing sarcoma
1	excisional biopsy
1	Exosomes
1	experimental
1	experimental study
1	extracellular matrix
1	Extraprostatic extension
1	EZH2
1	F-18 FDG PET/CT
1	Facebook
1	facial BCC
1	false positivity
1	false-positive
1	Fascin
1	fetal autopsy
1	fetal growth restriction
1	fetal penile length
1	fetal surgery
1	FFPE tissues
1	FGF2
1	FGFR1
1	FGRF3
1	Fibrinogen gamma chain (FGG)
1	Fibroblast
1	Fibronectin 1 (FN1)
1	fibrous tissue neoplasm
1	fine needle aspiration (FNA)
1	fine-needle cytology
1	Flat
1	Fli-1
1	Fluorescence in situ hybridisation
1	Fluorescence in situ hybridization
1	fluorescence in situ hybridization (FISH)
1	Fluorimetry
1	fluticasone propionate
1	FNAB
1	FNAC
1	Foamy gland
1	folate receptor α
1	follicular lesion of undetermined significance
1	Follicular lymphoma
1	follicular neoplasia
1	follicular neoplasm/suspicious for follicular neoplasm
1	Follicular variant of papillary thyroid carcinoma
1	follicular-pattern lesions
1	follicular-patterned lesions
1	Folliculotropic mycosis fungoides
1	follow-up
1	foxe1
1	FoxP3
1	Frozen section
1	galectin-3
1	galectin-7
1	gallbladder cancer
1	GALNS
1	GALNT3
1	Ganglion cell
1	GAP-43
1	Gastric adenocarcinoma
1	gastric bypass
1	Gastric carcinoma
1	Gastric gastrointestinal stromal tumor
1	Gastrointestinal stromal tumor
1	GDNF
1	Gelsolin
1	Gene expression
1	Gene regulation
1	genetic
1	Genetic aberrations
1	Genotoxicity
1	genotype
1	Genotype-phenotype correlation
1	germinoma
1	ghrelin
1	Giant cell aortitis
1	Giant cell arteritis
1	Giemsa
1	GIST
1	Gleason pattern
1	Gleason pattern 4
1	glioblastoma
1	Glomus tumor
1	glucocorticoids
1	glutathione peroxidase 1
1	glutathione reductase
1	GNA11
1	GNAQ
1	GNAQ/GNA11
1	gnathic
1	gossipiboma
1	GPx1
1	GR
1	Grade
1	graft outcome
1	Granulosa cells
1	Grape seed
1	GRIN 1
1	Group B streptococci
1	Growth patterns
1	growth plate
1	GSH
1	GSSG
1	gynecological cytology
1	h-caldesmon
1	h-FABP
1	H3K27
1	habitual abortion
1	HaCaT
1	halitosis
1	hamartoma
1	hard palate
1	Hashimoto’s thyroiditis
1	head mass
1	Heart
1	Hedgehog signaling
1	heel
1	HEMATOPATHOLOGY
1	hepatolenticular degeneration
1	HER2 amplification
1	Hexim1
1	HIF-1 alpha
1	High grade prostatic intraepithelial neoplasia
1	high performance liquid chromatography
1	high-fructose diet
1	high-grade squamous intraepithelial lesion
1	Hirschprung disease
1	histological analysis
1	Histopathologic findings
1	Histopathological characteristics
1	histopathological criteria
1	histopathology.
1	HLA-E
1	HLA-G
1	HMB45
1	Homocysteine
1	hospital
1	HPLC
1	human
1	Human kallikrein-11
1	human leukocyte antigen A*26:01:36
1	Human oxoguanine glycosylase 1-Ser326Cys
1	human papilloma virus
1	human papillomavirus (HPV)
1	human papillomavirus DNA tests
1	Hurthle cell
1	hybrid cyst
1	Hydatid disease
1	Hydatidiform mole
1	hydrogene sulfide
1	hydrops fetalis
1	hyperbaric oxygen treatment
1	hyperbilirubinemia
1	Hyperhomocysteinemia
1	hyperinsulinemic hypoglycemia
1	hyperoxy model
1	hypertension
1	Hypoxia
1	Hürthle cell
1	Idiopathic aortitis
1	IgA nephropathy
1	IGF1
1	IgG4
1	Il-10
1	Il-6
1	ImageJ
1	imidacloprid
1	immunocompetent
1	immunofluorescence assay
1	immunohistochemical stain
1	immunohistochemistry of soft tissue tumors
1	Immunophenotype
1	immünohistochemistry
1	IMP3
1	imprint cytology
1	in situ hybridisation
1	Incidence
1	indeterminate categories
1	indeterminate cytology
1	Indolent
1	infant rats
1	Infants of gestational diabetic mothers
1	Infectious aortitis
1	infectious disease
1	Infertility
1	Inflammatory bowel disease
1	Information systems
1	Inhibin-α
1	INI1
1	INI1/SMARCB1
1	injury
1	Insecticide
1	INSM1
1	insulinoma-associated protein 1
1	integrin αv
1	Intercellular bridge proteins
1	interferon
1	interleukin-17
1	interobserver
1	Intestinal type
1	intra-abdominal hypertension
1	Intra-abdominal pressure
1	intra-operative consultation
1	intracellular cytokines
1	intracholecystic papillary-tubular neoplasms
1	Intralymphatic
1	Intranodal palisaded myofibroblastoma
1	Intraoperative consultation
1	intraoperative pathology consultation
1	Intussusceptive angiogenesis
1	Invasive
1	invasive ductal carcinoma
1	IP3K
1	Irradiation
1	ischemia-reperfusion injury
1	isoniazid
1	isotretinoin
1	Jaw bone osteosarcoma
1	Jejunal mucosa
1	JNK MAPK
1	Job satisfaction
1	Jun N-terminal kinase inhibitor
1	Junctional epidermolysis bullosa
1	juvenile dermatomyositis
1	Kerstersia gyiorum
1	kidney injury molecule-1 (KIM-1)
1	Large B cell lymphoma
1	large for gestational age
1	Laryngeal cancer
1	lectins
1	LEEP
1	Left ventricular hypertrophy
1	Leptin receptor
1	limb anomalies
1	line assay
1	lipid cell variant
1	Lipomatous
1	Lipopolysaccharide
1	liquid based
1	Liquid biopsy
1	liquid-based cytology
1	Live tweeting
1	liver cells
1	Liver fibrosis
1	liver kidney microsomal antibodies
1	Local anesthetic
1	low grade spindle cells
1	low-grade squamous intraepithelial lesions
1	Low-grade urothelial carcinoma
1	low-level laser therapy
1	LP
1	lung injury
1	Lymph node staging
1	lymphadenopathy
1	Lymphocyt
1	lymphocyte surface markers
1	Lymphoplasmacytic lymphoma
1	lysosomal activity
1	Machine learning
1	macrophage
1	MALDI-TOF MS
1	malignancy rates for AUS/FLUS
1	malignant effusion
1	malignant melanoma
1	Malignant peripheral nerve sheath tumor
1	management
1	mandible
1	MAPKinase signaling
1	Maras powder
1	Marginal zone lymphoma
1	Marrow stromal cells
1	maternal obesity
1	Matrix metalloproteinase
1	Mature teratoma
1	MDA
1	MDM2
1	MDS
1	mean platelet volume
1	Mechanical transport theory
1	meconium peritonitis
1	Mediastinum
1	Medullary carcinoma
1	Medullary thyroid carcinoma
1	megacystis microcolon intestinal hypoperiltastis syndrome
1	Melan A
1	Melanocytic nevus
1	meningioma
1	mesenchymal stem cells
1	mesoblastic nephroma
1	Mesothelioma
1	meta-analysis
1	Metalloproteinases
1	metastases
1	Metastasis suppressor proteins
1	metastasis-associated colon cancer-1
1	Metenolone enanthate
1	Methylene blue
1	methylenetetrahydrofolate reductase polymorphisms
1	Mib1
1	Microenvironment
1	Microinvasion
1	micronuclei
1	Micropapillary
1	micropenis
1	Microsatellite instability
1	microscopy
1	microvillous inclusion disease
1	migration
1	miR-199a
1	mitochondrial enzyme activites
1	mitosis
1	Mitotic activity index (MAI)
1	Mitotic count
1	Mitotic index
1	MLH-1
1	MMP-9
1	MOC-31
1	Modified Gleason grading
1	mole rats
1	Molecular biology
1	molecular methods
1	monocytes
1	monozygotic twins
1	montelukast
1	Montelukast sodium
1	Morphometric analyze
1	Motility
1	MSH-2
1	MSH-6
1	mucinous cystic neoplasm
1	Mucinous ovarian carcinoma
1	Mucinous ovarian tumor
1	Mucinous tumor
1	Mucopolysaccharidose de type IVA
1	Mucopolysaccharidosis type IVA
1	Mucosal melanoma
1	Mucosal pathology
1	Multicentricity
1	multidrug resistant tuberculosis
1	Multilocular cystic nephroma
1	multilocular cystic renal tumors
1	Multiple system atrophy
1	murine double minute 2
1	mutation in ITGB4
1	Mutation-based risk stratification
1	Mutational risk profiling
1	Mutations
1	Mycobacterium tuberculosis
1	Mycotic aneurysm
1	MYD88
1	Myelin
1	myelodysplasia
1	MYELOFIBROS
1	Myeloproliferative neoplasms
1	Myoepithelium
1	myofibroblastoma
1	myositis
1	myositis-specific autoantibody
1	myotoxicity
1	N-acetyl-betaglucosaminidase (NAG)
1	N-acetylcysteine
1	NAC
1	NADP(+)
1	NADPH
1	nail disease
1	Nanog
1	Nasopharynx carcinoma
1	neck mass
1	Necrosis
1	Needle biopsy
1	Neoadjuvant chemotherapy
1	neonatal hepatitis
1	Neonatal Nav1.5
1	Neoplasms in childhood
1	Neospora caninum
1	neosporosis
1	nephrectomy
1	Nephrogenic adenoma
1	Nephronectin
1	nephropathy
1	nerve growth factor
1	nesidioblastosis
1	nestin
1	Neural networks (computer)
1	neuraminidase
1	Neuroblastoma
1	neurodegeneration
1	Neuroendocrine carcinoma
1	neuroendocrine tumors
1	Neurogenic pulmonary edema
1	neuron specific enolase
1	neutral sphingomyelinase
1	nevus
1	Nevus cell aggregates in lymph nodes
1	Nevus cells
1	newborns
1	NF-E2
1	NGF
1	NGFR
1	nicotinamide adenine dinucleotide phosphate
1	nicotinamide adenine dinucleotide phosphate, reduced form
1	NIFTP
1	Nigella sativa
1	Nitrite toxicity
1	Nitrotyrosine
1	NME/NM23 nucleoside diphosphate kinase 1
1	NMP22
1	Nodules
1	Non-encapsulated follicular variant of papillary thyroid carcinoma
1	non-gynecological cytology
1	Non-invasive
1	Non-invasive biomarkers
1	Non-sentinel lymph node
1	Non-small cell lung cancer
1	Nonalcoholic steatohepatitis
1	nonaspiration
1	nonbiliary acute pancreatitis
1	Nondiagnostic
1	noninvasive follicular thyroid neoplasm with papillary-like nuclear features
1	noninvasive follicular thyroid neoplasm with papillary-like nuclear features (NIFTP)
1	nontuberculous mycobacteria
1	Notch signalling pathway
1	novel allele
1	NRAS
1	NT-Pro BNP
1	nuclear buds
1	Nuclear factor kappa B
1	nucleophosmin
1	Nucleus diameter
1	nucleus/cytoplasm ratio
1	NUT midline carcinoma
1	O6-methylguanine-DNA methyltransferase methylation
1	obesity
1	Ochronosis
1	Ochronotic arthropathy
1	Oct3/4
1	Ocular magnification
1	Odontoblast
1	Oligodendrocyte progenitor cells
1	Oligodendrocytes
1	oligohydramnios
1	omalizumab
1	oncocytic
1	Oncocytic variant
1	oncology
1	oral bacteria
1	Oral glucose tolerance test
1	oral lichen planus
1	oral lichenoid contact reactions
1	oral melanoma
1	oral sarcoma
1	Oral squamous cell carcinoma
1	Orchidectomy
1	osseous
1	Ossifying fibroma
1	Osteoblastoma
1	Osteogenic sarcoma
1	Osteoid osteoma
1	osteonectin
1	osteopontin
1	osteosarcoma
1	OTA
1	ovarian cancer
1	overall survival
1	ovotesticular disorder of sex development
1	oxidant
1	oxidized glutathione
1	p14 ARF
1	p21
1	p27
1	p27 Kip1
1	p40
1	p53 mutation
1	p63
1	p75NTR
1	PAI-1
1	Pancreatic neuroendocrine tumor
1	Pap smear
1	Papanicolaou
1	Papanicolaou smear
1	papillary
1	papillary carcinoma
1	papillary renal cell carcinoma
1	Papillary thyroid cancer
1	papillary thyroid carcinoma (PTC)
1	Paradoxic
1	parakeratosis
1	Paraquat
1	parathyroid carcinoma
1	PARK4
1	Parkinson's disease
1	PARP inhibitors
1	Partial EMT
1	PASH
1	Pathogenesis
1	Pathologic necrosis
1	Pathology training
1	PBRM1 gene mutation
1	PDGFRA
1	Pediatric thyroid cancer
1	Pelophylax bedriagae
1	Pendrin
1	penicillamine
1	performance
1	Pericardial adhesion
1	perinatal asphyxia
1	peripheral blood
1	peripheral giant cell granuloma
1	Peripheral nerve invasion
1	perirenal invasion
1	peritoneal adenocarcinoma
1	Peritoneal mesotheliomas
1	Permethrin
1	phenylmethanesulphonyl fluoride
1	Phosphohistone-H3
1	phosphor-flow
1	Pigments
1	PIK3CA
1	piperacillin-tazobactam
1	pituitary adenoma
1	Pituitary hematological neoplasia
1	placental bed biopsy
1	plasma
1	PLASMA PROTEIN
1	Plasmacytic differentiation
1	plexiform fibrohistiocytic tumor
1	PMS-2
1	PMSF
1	poly(ADP-ribose) polymerase (PARP)
1	Polyamine analogue
1	polycystic ovary syndrome
1	Polycystic ovary syndrome (PCOS)
1	polymorhisms
1	Polymorphisme
1	Polymorphisms
1	Poorly cohesive cell
1	poorly differentiated chordoma
1	Positive surgical margins
1	positron emission tomography
1	Postgraduate education
1	postmenopausal period
1	Postmenopausal women
1	Postoperative atrial fibrillation
1	PPROM
1	pre-Bethesda
1	Predictive biomarker
1	preeclampsia
1	premature rupture of membranes
1	prenatal diagnose
1	preneoplastic lesions
1	preterm birth
1	Primary central nervous system lymphoma
1	Primary hyperparathyroidism
1	primitive neuroectodermal tumor
1	prognostic factor
1	prognostic marker
1	prolidase
1	Propolis
1	Prostate
1	Prostate cancer screening
1	Prostate gland
1	Prostatic adenocarcinoma
1	Prostatic intraepithelial neoplasia
1	protein phosphatase 2a
1	Proximal interphalangeal joint
1	pseudoangiomatous stromal hyperplasia
1	Pseudopapillary
1	pseudopapillary pattern
1	PTEN
1	pulmonary
1	Pulmonary adenocarcinoma
1	pulmonary hypertension
1	pulmonary lesion
1	PUMA
1	punch biopsy formalin fixation
1	PUNLMP
1	pyloric atresia
1	RacGAP1
1	Radiation injury
1	Radiation-induced heart disease
1	Radical prostatectomy
1	Radiology
1	Radioprotection
1	radiotherapy
1	Rapid eye movement sleep behavior disorder
1	RAS-like papillary carcinoma
1	rat model
1	Rats
1	reactive mesothelial cell
1	reactive oxygen species
1	reactive urothelial proliferation
1	Real-time PCR
1	Real-time polymerase chain reaction
1	reciprocal translocation
1	Rectal adenocarcinoma
1	recurrence
1	recurrent aphthous stomatitis
1	recurrent miscarriage
1	regulatory T cells
1	renal anastomosing hemangioma
1	renal anomalies
1	Renal carcinoma
1	renal cell carcinoma
1	renal cystic mass
1	renal prognosis
1	renal transplantation
1	renal tumor
1	repeat FNAB for initial AUS/FLUS category
1	Reproducibility
1	Residency
1	resistin
1	RFP
1	rhabdoid
1	Rhabdomyosarcoma
1	rheumatoid arthritis
1	rifampicin
1	Ring bone
1	risk factors for carcinoma
1	RNA isolation
1	ROS
1	ROS1
1	RT-PCR
1	sacrococygeal teratoma
1	Saliva
1	salivary gland tumors
1	Salivary glands
1	sarcomas
1	scalp
1	sclerosing stromal tumor
1	SD
1	SDHA
1	SDHB
1	sebaceous differentiation
1	Selective regression
1	selenium deficiency
1	selenium supplementation
1	SEM
1	Seminal plasma cfDNA
1	Senescence
1	sensitivity
1	Sentinel lymph node
1	SEPT7
1	Septin 7
1	sequence based typing
1	serous carcinoma
1	shadow cell differentiation
1	sialic acid
1	sigmoid
1	Signet ring
1	signet ring cell
1	silver nitrate
1	Silver-enhanced in situ hybridization
1	Silymarin
1	Simple steatosis
1	simvastatin
1	singlet oxygen
1	sinonasal melanoma
1	siRNA
1	SIRT 1 protein
1	Sjögren’s syndrome
1	skeletal malformations
1	skeletal muscle
1	Skin tumors
1	SMAD2
1	SMAD7
1	small for gestational age
1	small intestine
1	smartphone
1	Social media
1	SOD
1	Sodium iodide symporter
1	Soft tissue
1	Solid cell nest
1	soluble IL-2r
1	somatic malignancy
1	Sorafenib
1	SOX10
1	SOX2
1	SPARC
1	Special subtypes
1	specificity
1	Spermal cfDNA
1	spindle-cell lesion
1	Spine
1	Spiradenoma
1	Spleen
1	splenic lymphoma
1	splenic marginal zone B-cell lymphoma
1	Spondylosis
1	Sprague Dawley
1	Sprouting
1	SPSS
1	Squamous cell carcinoma of the lung
1	SRY
1	stage
1	Staging
1	standard error of mean
1	static image
1	Statistical Package for Social Sciences Program
1	stillbirth
1	streptozotocin
1	Stroke
1	Subarachnoid hemorrhage
1	Succinate dehydrogenase
1	sulcular tissue
1	superficial acral fibromyxoma
1	suppurative infection
1	SurePath
1	Surgery
1	Survivin
1	suspicious lymph node
1	synaptophysin
1	synchronous
1	syndrome
1	synergy
1	Synovitis
1	synthetic lethality
1	synuclein gamma
1	T-cell death-associated gene 51
1	tailgut cyst
1	talcum powder
1	tall cell variant
1	target therapy
1	taxane
1	TDAG51
1	TdT
1	telecytology
1	Telomerase
1	teratogen
1	teratoid
1	teratoma
1	term birth
1	terminal deoxynucleotidyl transferase
1	terminal deoxynucleotidyl transferase-mediated deoxyuridine triphosphate nick end-labeling
1	Testicular toxicity
1	testis torsion
1	Testosterone
1	tetrasomy 18p
1	TGFβ/SMAD pathway
1	Th1/Th2 chemokine receptors
1	Th17
1	The Bethesda System for Reporting Thyroid Cytopathology (TBSRTC)
1	therapeutic agents
1	ThinPrep® imaging system
1	ThinPrep® Pap stain
1	thiobarbituric assay
1	thiol
1	thioredoxin reductase
1	threatened abortion
1	ThyGenX
1	Thymoma
1	Thymosin beta-4
1	ThyraMIR
1	thyroid cancer
1	thyroid cytopathology
1	thyroid FNA
1	thyroid FNAC
1	Thyroid lymphomas
1	thyroid neoplasia
1	thyroid papillary cancer
1	thyroid paraganglioma
1	Thyroid tumors of uncertain malignant potential
1	thyroiditis
1	ThyroSeq
1	Tissue expression
1	Tissue microarray
1	TNB
1	TNF-alpha
1	Toad
1	tobacco
1	Tongue squamous cell carcinoma
1	topoisomerase 2 alpha
1	Torsion–detorsion
1	TOS
1	total glutathione
1	toxic effects
1	Toxicology
1	TP53
1	transformation zone material
1	trauma
1	treatment
1	treatment change
1	Treg cells
1	trichilemmal cyst
1	trichloroacetic acid
1	trichoblastoma
1	Triple negative breast cancer
1	Triple Negative Breast Cancers
1	trisomy 13
1	trophoblastic infiltration
1	Troponin T level
1	TrxR
1	tubulus
1	Tularemia
1	tumor immunity
1	Tumor-associated macrophages (TAMs)
1	tumor-infiltrating lymphocyte
1	tumour immunity
1	TUNEL
1	Tunicamycin
1	Turkish patients
1	Twitter
1	Ulcer
1	ulipristal
1	Ultimobranchial body remnant
1	Ultrasound
1	ultraviolet radiation
1	umbilical cord
1	up-regulation
1	Upper tract urothelial carcinoma
1	Urinary tract
1	urine cytology
1	Urological biomarkers
1	urothelial carcinoma bladder
1	Urothelial cell carcinoma
1	vacuolization
1	vascular disruption
1	vasculature
1	Vertebral column
1	Vertebral fusion
1	vessel invasion
1	Visual field area
1	Vitamin C
1	vitamin D
1	Vitamin K1
1	Voltage-gated sodium channel
1	Von Meyenburg complex
1	von Willebrand factor (vWF)
1	voriconazole
1	vulva
1	water
1	weight loss
1	Well differentiated thyroid carcinoma
1	West Nile virus
1	WhatsApp
1	Wilms tumor
1	Wilms’ tumor
1	Wilson’s disease
1	Wistar rat
1	xCELLigence
1	ZEB2
