120	Biomarkers, Tumor
86	Adenocarcinoma
75	Breast Neoplasms
65	Thyroid Neoplasms
55	Carcinoma
41	Skin Neoplasms
39	Liver
38	Antioxidants
38	Tumor Suppressor Protein p53
35	Carcinoma, Papillary
35	Kidney Neoplasms
35	Lung Neoplasms
34	Urinary Bladder Neoplasms
32	Stomach Neoplasms
31	Carcinoma, Squamous Cell
30	Apoptosis
26	Biopsy, Fine-Needle
26	Brain Neoplasms
26	Endometrial Neoplasms
26	Ovarian Neoplasms
24	Ki-67 Antigen
24	Oxidative Stress
24	Prostatic Neoplasms
24	Thyroid Gland
22	Carcinoma, Ductal, Breast
22	Neovascularization, Pathologic
21	Carcinoma, Renal Cell
21	Immunohistochemistry
20	Colorectal Neoplasms
20	Pancreatic Neoplasms
20	Receptor, ErbB-2
20	Soft Tissue Neoplasms
20	Thyroid Nodule
19	Adenoma
19	Lung
19	Lymph Nodes
19	Neoplasms, Multiple Primary
19	Uterine Neoplasms
19	Vascular Endothelial Growth Factor A
17	Neoplasm Recurrence, Local
17	Proto-Oncogene Proteins c-bcl-2
17	Uterine Cervical Neoplasms
16	Mutation
16	Nuclear Proteins
15	Behcet Syndrome
15	Carcinoma, Non-Small-Cell Lung
15	Kidney
15	Meningeal Neoplasms
15	Polymorphism, Single Nucleotide
14	Meningioma
14	Mesothelioma
14	Neoplasm Proteins
13	Brain
13	Melanoma
13	Skin
13	Teratoma
13	Testicular Neoplasms
13	Testis
12	Cyclooxygenase 2
12	Liver Neoplasms
12	Placenta
12	Suicide
11	Cadherins
11	Carcinoma, Basal Cell
11	Fibroma
11	Genetic Predisposition to Disease
11	Leiomyoma
11	Liver Cirrhosis
11	Membrane Proteins
11	Pituitary Neoplasms
10	Adenocarcinoma, Follicular
10	Bone Neoplasms
10	Carcinoma, Transitional Cell
10	Cell Proliferation
10	Chemical and Drug Induced Liver Injury
10	Cytodiagnosis
10	Epithelial Cells
10	Gene Expression Regulation, Neoplastic
10	Kidney Diseases
10	Mast Cells
10	Melatonin
10	Papillomavirus Infections
9	Adenocarcinoma, Mucinous
9	Antigens, CD
9	Antineoplastic Agents
9	Biomarkers
9	Caffeic Acids
9	Calcinosis
9	DNA-Binding Proteins
9	Head and Neck Neoplasms
9	Laryngeal Neoplasms
9	Lymphocytes
9	Matrix Metalloproteinase 2
9	Phenylethyl Alcohol
9	Polymorphism, Genetic
9	Sarcoma
9	Sheep Diseases
9	Transcription Factors
9	Urothelium
8	Abnormalities, Multiple
8	Bone Marrow
8	Carcinoma, Endometrioid
8	Carcinoma, Neuroendocrine
8	Colonic Neoplasms
8	Endometrial Hyperplasia
8	Endometrium
8	Gastric Mucosa
8	Heart Neoplasms
8	Helicobacter pylori
8	Mouth Neoplasms
8	Precancerous Conditions
8	Proto-Oncogene Proteins
8	Proto-Oncogene Proteins B-raf
8	Psoriasis
7	Adenocarcinoma, Papillary
7	Adrenal Gland Neoplasms
7	Amyloidosis
7	Anti-Inflammatory Agents, Non-Steroidal
7	Asphyxia
7	Astrocytoma
7	Carcinoma, Intraductal, Noninfiltrating
7	Cell Cycle Proteins
7	Cervix Uteri
7	Choristoma
7	Diagnostic Errors
7	Erythrocytes
7	Ethanol
7	Gallbladder Neoplasms
7	Gastrointestinal Stromal Tumors
7	Granuloma, Plasma Cell
7	Hepatitis C, Chronic
7	HSP70 Heat-Shock Proteins
7	Hyaluronan Receptors
7	Insecticides
7	Lipoma
7	Lymphoma, Non-Hodgkin
7	Nucleolus Organizer Region
7	Polyps
7	Pregnancy Complications, Neoplastic
7	Prostate
7	Receptor, Epidermal Growth Factor
7	Reperfusion Injury
7	Skin Diseases
7	Telomerase
7	Vaginal Smears
7	Vulvar Neoplasms
6	Acetaminophen
6	Alzheimer Disease
6	Antibiotics, Antineoplastic
6	Apoptosis Regulatory Proteins
6	beta Catenin
6	Candida
6	Carcinoma, Small Cell
6	Cell Adhesion Molecules
6	Cell Nucleus
6	Cervical Intraepithelial Neoplasia
6	Coronary Artery Disease
6	Cyclin-Dependent Kinase Inhibitor p16
6	Diabetes Mellitus, Experimental
6	DNA Damage
6	Down Syndrome
6	Echinococcosis
6	Ependymoma
6	Epstein-Barr Virus Infections
6	Fetus
6	Gastrointestinal Neoplasms
6	Glioblastoma
6	Goiter, Nodular
6	Hamartoma
6	Herpesvirus 4, Human
6	Lymphatic Metastasis
6	Mouth Mucosa
6	Neck Injuries
6	Neoplasms
6	Neoplasms, Glandular and Epithelial
6	Neurilemmoma
6	Neurons
6	Pancreas
6	Papanicolaou Test
6	Pathology, Surgical
6	Pleural Neoplasms
6	Proliferating Cell Nuclear Antigen
6	Proto-Oncogene Proteins c-kit
6	Translocation, Genetic
6	Tumor Suppressor Proteins
6	Wounds, Gunshot
5	Accidents
5	Aging
5	Antibodies, Monoclonal
5	Ascorbic Acid
5	Axons
5	Biopsy
5	Biopsy, Needle
5	Breast
5	Breast Diseases
5	Carcinoma, Lobular
5	Carcinoma, Papillary, Follicular
5	Carcinoma, Signet Ring Cell
5	Carrier Proteins
5	Cattle Diseases
5	CD24 Antigen
5	Cell Differentiation
5	Colon
5	Common Bile Duct Neoplasms
5	Cyclosporine
5	Doxorubicin
5	Fatty Liver
5	Fetal Growth Retardation
5	Galectin 3
5	Gene Expression Profiling
5	Helicobacter Infections
5	Hippocampus
5	Hodgkin Disease
5	Immunosuppressive Agents
5	Leprosy
5	Liver Diseases
5	Matrix Metalloproteinase 9
5	MicroRNAs
5	Mucins
5	Muscle, Skeletal
5	Neoplasms, Muscle Tissue
5	Neprilysin
5	Neurocytoma
5	Neuroendocrine Tumors
5	Neutrophils
5	Nevus, Pigmented
5	Ovary
5	Papillomaviridae
5	Pathology
5	Peste-des-Petits-Ruminants
5	Plant Extracts
5	Pre-Eclampsia
5	Prenatal Exposure Delayed Effects
5	Protective Agents
5	Sex Characteristics
5	Smoke
5	Stomatitis, Aphthous
5	Thyroid Diseases
5	Thyroidectomy
5	Tuberculosis, Pulmonary
5	Tumor Necrosis Factor-alpha
5	Urologic Neoplasms
5	Vitamin E
5	Wilms Tumor
4	Adenocarcinoma, Clear Cell
4	Adenoma, Oxyphilic
4	Adipose Tissue
4	Analgesics, Non-Narcotic
4	Antigens, Neoplasm
4	Autoantibodies
4	Autopsy
4	Brain Diseases
4	Candidiasis
4	Celiac Disease
4	Cell Phone
4	Central Nervous System Neoplasms
4	Cerebellar Neoplasms
4	Coloring Agents
4	Coronary Vessels
4	Cystadenocarcinoma, Serous
4	Cytokines
4	DNA, Viral
4	Duodenal Neoplasms
4	Endothelium, Vascular
4	Esophageal Neoplasms
4	Estrogen Receptor alpha
4	Fibrosarcoma
4	Gastritis
4	Gene Amplification
4	Granuloma
4	Hashimoto Disease
4	Heart
4	Heart Diseases
4	Hepatitis B, Chronic
4	Hernia, Inguinal
4	HLA-DQ Antigens
4	Homeodomain Proteins
4	Homicide
4	Image Processing, Computer-Assisted
4	Inflammation
4	Interleukin-6
4	Intestinal Mucosa
4	Keratins
4	Kidney Glomerulus
4	Leiomyosarcoma
4	Leptin
4	Lichen Planus, Oral
4	Lymphoma, B-Cell
4	Lymphoma, B-Cell, Marginal Zone
4	Lymphoma, Large B-Cell, Diffuse
4	Mandibular Neoplasms
4	Microfilament Proteins
4	Molecular Diagnostic Techniques
4	Mouth
4	Mycobacterium tuberculosis
4	Myocardium
4	Nasopharyngeal Neoplasms
4	Neoadjuvant Therapy
4	Neoplasm Grading
4	Neoplasm Metastasis
4	Neoplasms, Second Primary
4	Neoplastic Stem Cells
4	Nerve Sheath Neoplasms
4	Nitric Oxide
4	Nitric Oxide Synthase Type II
4	Nitric Oxide Synthase Type III
4	Obesity
4	Odontogenic Tumors
4	Osteoarthritis
4	Papilloma
4	Parathyroid Neoplasms
4	Parotid Neoplasms
4	Pericardium
4	Placenta Diseases
4	Polymorphism, Restriction Fragment Length
4	Postmortem Changes
4	Postoperative Complications
4	Prenatal Diagnosis
4	Promoter Regions, Genetic
4	Prostatic Intraepithelial Neoplasia
4	Proto-Oncogene Proteins c-myc
4	Pulmonary Alveoli
4	Receptors, Estrogen
4	Rectal Neoplasms
4	Retroperitoneal Neoplasms
4	RNA
4	Saliva
4	Salivary Gland Neoplasms
4	Signal Transduction
4	Smooth Muscle Tumor
4	Specimen Handling
4	Spermatic Cord Torsion
4	Spermatozoa
4	Spleen
4	Staining and Labeling
4	Stomach Ulcer
4	Sweat Gland Neoplasms
4	T-Lymphocytes, Regulatory
4	Tenascin
4	Tularemia
4	Uterus
4	Vaginosis, Bacterial
4	Wounds and Injuries
3	Accidents, Traffic
3	Acid Anhydride Hydrolases
3	Adenoma, Pleomorphic
3	Alleles
3	Angiomyoma
3	Anti-Bacterial Agents
3	Antifungal Agents
3	Antigens, Bacterial
3	Antigens, Viral
3	Aorta, Abdominal
3	Arginine
3	Arthritis, Rheumatoid
3	Asthma
3	Atherosclerosis
3	Autophagy
3	Basigin
3	Bile Duct Neoplasms
3	Bile Ducts, Intrahepatic
3	Blood Vessels
3	Border Disease
3	Brain Ischemia
3	Carcinoma in Situ
3	Carcinoma, Hepatocellular
3	Carcinoma, Medullary
3	Carcinoma, Pancreatic Ductal
3	Carcinosarcoma
3	Cartilage, Articular
3	Cause of Death
3	Cell Transformation, Neoplastic
3	Cholangiocarcinoma
3	Cholestasis
3	Cholesterol, Dietary
3	Chromosome Deletion
3	Chromosomes, Human, Pair 1
3	Cisplatin
3	Colitis
3	Cryptorchidism
3	Cyclin D1
3	Cyclin-Dependent Kinase Inhibitor p21
3	Cytological Techniques
3	Death, Sudden
3	Diclofenac
3	DNA
3	DNA Methylation
3	DNA Topoisomerases, Type II
3	Dog Diseases
3	Embolism, Fat
3	Endosulfan
3	Enterobiasis
3	Enzyme Inhibitors
3	Epidermis
3	Epithelioid Cells
3	Eye Diseases
3	Familial Mediterranean Fever
3	Fetal Blood
3	Fibroadenoma
3	Flow Cytometry
3	Forensic Medicine
3	Forensic Pathology
3	Frozen Sections
3	Gallbladder
3	Gene Expression
3	Genes, p53
3	Giant Cells
3	Gingivitis
3	Glioma
3	Glycoproteins
3	Goat Diseases
3	Goiter
3	Head Injuries, Penetrating
3	Hemangioma
3	Homocysteine
3	Horse Diseases
3	Hypercholesterolemia
3	Hypertrophy, Left Ventricular
3	Hypoxia-Inducible Factor 1, alpha Subunit
3	Ileum
3	Intercellular Signaling Peptides and Proteins
3	Interleukin-2
3	Intestinal Neoplasms
3	Intestine, Small
3	Intestines
3	Isoenzymes
3	Jejunum
3	Kidney Failure, Chronic
3	Kidney Transplantation
3	Leukemia, Myelogenous, Chronic, BCR-ABL Positive
3	Leukocytes, Mononuclear
3	Lipid Peroxidation
3	Liver Cirrhosis, Experimental
3	Lung Diseases
3	Lymphatic Vessels
3	Macrophages
3	Maxillary Neoplasms
3	Medulloblastoma
3	Mesenchymoma
3	Methotrexate
3	Methylenetetrahydrofolate Reductase (NADPH2)
3	Microscopy
3	Microvessels
3	Mitotic Index
3	Mutagens
3	Mutation, Missense
3	Myxoma
3	Neoplasms, Germ Cell and Embryonal
3	Neovascularization, Physiologic
3	Nerve Regeneration
3	Neuroblastoma
3	Nitric Oxide Synthase
3	Nose Neoplasms
3	Osteopontin
3	Osteosarcoma
3	Ovarian Diseases
3	Pancreatitis
3	PAX2 Transcription Factor
3	Peptide Fragments
3	Peptides
3	Peritoneal Neoplasms
3	Peritonitis
3	Peste-des-petits-ruminants virus
3	Phyllodes Tumor
3	Physicians
3	Pleural Effusion, Malignant
3	Primary Myelofibrosis
3	PTEN Phosphohydrolase
3	Receptors, Progesterone
3	Receptors, Steroid
3	Rhabdoid Tumor
3	Rhabdomyosarcoma
3	Sarcoma, Kaposi
3	Selenium
3	Sepsis
3	Serotonin
3	Serpins
3	Siblings
3	Sigmoid Neoplasms
3	Skull Neoplasms
3	Smoking
3	Spinal Neoplasms
3	Splenic Neoplasms
3	Stilbenes
3	Stroke
3	T-Lymphocytes
3	Tobacco Smoke Pollution
3	Tobacco, Smokeless
3	Tongue Neoplasms
3	Urinary Bladder
3	Uterine Cervical Diseases
3	Water Supply
2	Abdominal Neoplasms
2	Abortion, Spontaneous
2	Accidental Falls
2	Accidents, Home
2	Acetates
2	Acetylcysteine
2	Actinomycosis
2	Actins
2	Adenofibroma
2	Adenolymphoma
2	Adjuvants, Immunologic
2	Adrenal Cortex Hormones
2	Adrenal Cortex Neoplasms
2	Adrenal Glands
2	Adrenomedullin
2	Age Determination by Teeth
2	Aggressive Periodontitis
2	Agriculture
2	alpha-Synuclein
2	Altitude
2	Ameloblastoma
2	Ampulla of Vater
2	Amyloid
2	Angiomatosis
2	Angiomyolipoma
2	Angiotensin II Type 1 Receptor Blockers
2	Angiotensin-Converting Enzyme Inhibitors
2	Anticoagulants
2	Antigens, Differentiation, Myelomonocytic
2	Antimutagenic Agents
2	Antineoplastic Combined Chemotherapy Protocols
2	Aorta
2	Appendicitis
2	Aspergillosis
2	Aspergillus
2	B-Lymphocytes
2	bcl-2-Associated X Protein
2	Biliary Tract Neoplasms
2	Bilirubin
2	Blood Platelets
2	Border disease virus
2	Bronchogenic Cyst
2	Burning Mouth Syndrome
2	Calcium Oxalate
2	Candida albicans
2	Capripoxvirus
2	Captopril
2	Carbaryl
2	Carcinogens
2	Carcinoma, Acinar Cell
2	Cardiomyopathies
2	Cartilage
2	Caspases
2	Cathepsin D
2	Central Nervous System
2	Cerebral Cortex
2	Cholesteatoma
2	Choriocarcinoma
2	Chorionic Villi
2	Chromosome Aberrations
2	Chromosomes, Human, Pair 17
2	Chronic Periodontitis
2	Clinical Laboratory Techniques
2	Clusterin
2	Colchicine
2	Colonic Polyps
2	Conjunctivitis
2	Contusions
2	Copper
2	Coronary Disease
2	Craniocerebral Trauma
2	Cyst Fluid
2	Cystadenocarcinoma, Mucinous
2	Cystadenoma
2	Cystadenoma, Serous
2	Cystinosis
2	Cysts
2	Dendritic Cells
2	Dermatitis
2	Diabetes Complications
2	Diabetes, Gestational
2	Disease Outbreaks
2	DNA Fragmentation
2	DNA Repair Enzymes
2	DNA, Neoplasm
2	Duodenum
2	Education, Medical
2	Elastic Tissue
2	Electromagnetic Fields
2	Embryo Implantation
2	Endodermal Sinus Tumor
2	Endometriosis
2	Endothelin-1
2	Eosinophils
2	Epilepsy, Temporal Lobe
2	Escherichia coli
2	European Continental Ancestry Group
2	Extracellular Matrix Proteins
2	Fasciitis
2	Fatty Acids
2	Femoral Fractures
2	Femur
2	Fetal Diseases
2	Fibroblast Growth Factor 2
2	Fibroblasts
2	Fibroma, Ossifying
2	Fibromatosis, Gingival
2	Fibrous Dysplasia of Bone
2	Firearms
2	Fixatives
2	Fluorescent Antibody Technique, Direct
2	Foreign Bodies
2	Forkhead Transcription Factors
2	Fourth Ventricle
2	Francisella tularensis
2	Free Radical Scavengers
2	Ganglioglioma
2	Gastrointestinal Diseases
2	Gastrointestinal Tract
2	Gene Expression Regulation, Enzymologic
2	Genes, BRCA1
2	Genes, erbB-2
2	Genes, p16
2	Genetic Variation
2	Genital Diseases, Female
2	Germinoma
2	Ghrelin
2	Gingiva
2	Gingival Hyperplasia
2	Glomerulonephritis
2	Glomerulonephritis, Membranoproliferative
2	Glomerulosclerosis, Focal Segmental
2	Gram-Negative Bacterial Infections
2	Granular Cell Tumor
2	Granuloma Annulare
2	GTP-Binding Proteins
2	Hair Follicle
2	Heart Atria
2	Heart Ventricles
2	Heat-Shock Proteins
2	Hematopoiesis, Extramedullary
2	Hepacivirus
2	Hepatitis
2	Hepatitis B
2	Hepatocytes
2	Hepatolenticular Degeneration
2	Histiocytes
2	Histiocytoma, Benign Fibrous
2	Histiocytoma, Malignant Fibrous
2	Histocompatibility Antigens Class II
2	Histocytological Preparation Techniques
2	HLA-A Antigens
2	HLA-DR Antigens
2	Honey
2	Hydatidiform Mole
2	Hydrops Fetalis
2	Hyperoxaluria, Primary
2	Hyperplasia
2	Hypertension, Pulmonary
2	Image Interpretation, Computer-Assisted
2	Imidazoles
2	Immunoglobulin M
2	In Situ Hybridization
2	Incidental Findings
2	Inclusion Bodies
2	INDEL Mutation
2	Infant, Small for Gestational Age
2	Infarction, Middle Cerebral Artery
2	Intercellular Adhesion Molecule-1
2	Interleukin-1beta
2	Intestinal Diseases
2	Iron
2	Islam
2	Jaw Neoplasms
2	Keratin-19
2	Keratin-7
2	Keratinocytes
2	Keratoacanthoma
2	Keratosis
2	Kidney Tubules
2	Laryngeal Diseases
2	Legionella pneumophila
2	Leukocyte L1 Antigen Complex
2	Leukocytes
2	Lipocalins
2	Lipoprotein Lipase
2	Liver Diseases, Alcoholic
2	Lymph Node Excision
2	Lymphadenitis
2	Lymphangiogenesis
2	Lymphatic Diseases
2	Lymphoma
2	Lymphoma, Extranodal NK-T-Cell
2	Lymphoma, Follicular
2	Lymphoma, Mantle-Cell
2	MAP Kinase Signaling System
2	Mass Screening
2	Mastocytosis, Systemic
2	Maternal Exposure
2	Matrix Metalloproteinase 7
2	Medroxyprogesterone
2	Melanocytes
2	Meningitis, Bacterial
2	Metallothionein
2	Metals, Heavy
2	Microbial Sensitivity Tests
2	Micronuclei, Chromosome-Defective
2	Microsatellite Repeats
2	Microtubule-Associated Proteins
2	Mitosis
2	Mixed Tumor, Mullerian
2	Monocytes
2	Morphogenesis
2	Mortuary Practice
2	Motor Vehicles
2	Multimodal Imaging
2	Muscle Neoplasms
2	Muscular Dystrophies
2	Myelin Sheath
2	Myocardial Infarction
2	Myocarditis
2	Nail Diseases
2	Nasal Cavity
2	Nasal Mucosa
2	Neck
2	Neoplasm Invasiveness
2	Neoplasms, Adipose Tissue
2	Neoplasms, Adnexal and Skin Appendage
2	Neoplasms, Cystic, Mucinous, and Serous
2	Neoplasms, Fibrous Tissue
2	Neoplasms, Mesothelial
2	Nerve Growth Factor
2	Nerve Tissue Proteins
2	Nervous System Diseases
2	Nervous System Malformations
2	Nesidioblastosis
2	Neural Networks (Computer)
2	Neural Tube Defects
2	Neuroprotective Agents
2	Nucleoside-Diphosphate Kinase
2	Observer Variation
2	Occupational Exposure
2	Ochratoxins
2	Oncogene Proteins, Fusion
2	Oncorhynchus mykiss
2	Oral Ulcer
2	Ossification, Heterotopic
2	Osteoclasts
2	Osteonectin
2	Oxyphil Cells
2	P-Selectin
2	Pancreatic Cyst
2	Pancytopenia
2	Pathology, Clinical
2	Penile Neoplasms
2	Penis
2	Peptides, Cyclic
2	Peptidyl-Dipeptidase A
2	Peripheral Nervous System Neoplasms
2	Peroxidase
2	Phagocytosis
2	Pharyngitis
2	Phosphatidylinositol 3-Kinases
2	Phototherapy
2	Point Mutation
2	Polyhydramnios
2	Polymerase Chain Reaction
2	Poxviridae Infections
2	Pregnancy Complications
2	Pregnancy in Diabetics
2	Progesterone
2	Prolactinoma
2	Prostaglandin-Endoperoxide Synthases
2	Prostatic Hyperplasia
2	Protein Tyrosine Phosphatase, Non-Receptor Type 22
2	Proto-Oncogene Protein c-ets-1
2	Proto-Oncogene Proteins c-mdm2
2	Proto-Oncogene Proteins c-met
2	Pulmonary Adenomatosis, Ovine
2	Pulmonary Artery
2	Pulmonary Surfactant-Associated Protein B
2	Quality of Life
2	Quinolines
2	Radiation Injuries, Experimental
2	Receptors, Chemokine
2	Receptors, CXCR4
2	Receptors, Leptin
2	Receptors, Nerve Growth Factor
2	Receptors, Notch
2	Receptors, TNF-Related Apoptosis-Inducing Ligand
2	Renal Insufficiency
2	Renin-Angiotensin System
2	Repressor Proteins
2	Respiratory Tract Neoplasms
2	Rheumatic Heart Disease
2	rho-Associated Kinases
2	Rhodococcus equi
2	RNA, Messenger
2	RNA, Viral
2	RNA-Binding Proteins
2	Salivary Ducts
2	Salmonella
2	Salpingitis
2	Sarcoma, Clear Cell
2	Sarcoma, Ewing
2	Sarcoma, Synovial
2	Scalp Dermatoses
2	Serum Albumin
2	Serum Amyloid A Protein
2	Sex Cord-Gonadal Stromal Tumors
2	Silymarin
2	Simvastatin
2	Sjogren's Syndrome
2	Small Cell Lung Carcinoma
2	Solvents
2	Splenic Diseases
2	Spondylitis, Ankylosing
2	Squamous Intraepithelial Lesions of the Cervix
2	Streptococcal Infections
2	Stromal Cells
2	Struma Ovarii
2	Subarachnoid Hemorrhage
2	Subcutaneous Fat
2	Subcutaneous Tissue
2	Sulfhydryl Compounds
2	Supratentorial Neoplasms
2	Sweet Syndrome
2	T-Lymphocyte Subsets
2	tau Proteins
2	Testicular Diseases
2	Tetrazoles
2	Th1 Cells
2	Th2 Cells
2	Thoracic Neoplasms
2	Thy-1 Antigens
2	Thymosin
2	Thymus Neoplasms
2	Tissue Array Analysis
2	Tissue Fixation
2	Titanium
2	Tooth Calcification
2	Tourniquets
2	Toxoplasmosis, Cerebral
2	Transforming Growth Factor beta
2	Transforming Growth Factor beta1
2	Tretinoin
2	Triple Negative Breast Neoplasms
2	Trophoblasts
2	Tuberculosis
2	Tuberculosis, Cutaneous
2	Urinary Tract Infections
2	Uterine Cervical Dysplasia
2	Uterine Hemorrhage
2	West Nile Fever
1	11-beta-Hydroxysteroid Dehydrogenase Type 1
1	3-Hydroxysteroid Dehydrogenases
1	Abdominal Injuries
1	Aborted Fetus
1	Abortion, Habitual
1	Abscess
1	Academies and Institutes
1	Acantholysis
1	Accidents, Occupational
1	Acetylglucosaminidase
1	Acid Phosphatase
1	Acromegaly
1	Acrylamide
1	Acrylamides
1	Actinomyces
1	Actinomycetales Infections
1	Activated-Leukocyte Cell Adhesion Molecule
1	Activating Transcription Factor 2
1	Acute Coronary Syndrome
1	Acute Kidney Injury
1	Acute Lung Injury
1	Acute-Phase Proteins
1	ADAMTS1 Protein
1	ADAMTS13 Protein
1	Adaptor Proteins, Signal Transducing
1	Adaptor Proteins, Vesicular Transport
1	Adenoma, Islet Cell
1	Adenomatous Polyps
1	Adenosine Triphosphatases
1	Adiponectin
1	Adipose Tissue, Brown
1	Administration, Oral
1	Adnexal Diseases
1	Adolescent Behavior
1	Adrenal Cortex
1	Adrenal Hyperplasia, Congenital
1	Adrenal Medulla
1	Adrenal Rest Tumor
1	Adrenocortical Adenoma
1	Adrenocortical Carcinoma
1	African Continental Ancestry Group
1	Air
1	Air Pollutants
1	Air Pollution
1	Air Pollution, Indoor
1	Alanine Transaminase
1	Alcaligenaceae
1	Alcohol Dehydrogenase
1	Alcohol Drinking
1	Alcoholism
1	Alendronate
1	Algorithms
1	Allopurinol
1	alpha Catenin
1	alpha-Fetoproteins
1	Alternaria
1	Aluminum Hydroxide
1	Alveolar Bone Loss
1	Alveolar Epithelial Cells
1	Alveolitis, Extrinsic Allergic
1	Amides
1	Amidohydrolases
1	Amino Acid Substitution
1	Amino Acid Transport System ASC
1	Amniocentesis
1	Amphotericin B
1	Amrinone
1	Amygdala
1	Anabolic Agents
1	Analgesics
1	Anaphylaxis
1	Ancylostomiasis
1	Androgen Antagonists
1	Anemia, Hemolytic
1	Anemia, Sickle Cell
1	Anencephaly
1	Anesthetics, Inhalation
1	Anesthetics, Local
1	Aneuploidy
1	Angina, Stable
1	Angiofibroma
1	Angiogenesis Inhibitors
1	Angiogenic Proteins
1	Angiokeratoma
1	Angiolipoma
1	Angiotensinogen
1	Anthracenes
1	Anthracosis
1	Anti-Infective Agents
1	Anti-Inflammatory Agents
1	Anti-Neutrophil Cytoplasmic Antibody-Associated Vasculitis
1	Anti-Ulcer Agents
1	Antibodies, Antineutrophil Cytoplasmic
1	Antibodies, Antinuclear
1	Antibodies, Bacterial
1	Antibodies, Monoclonal, Murine-Derived
1	Antibodies, Viral
1	Anticholesteremic Agents
1	Anticonvulsants
1	Antigens, CD34
1	Antigens, Nuclear
1	Antigens, Surface
1	Antimetabolites
1	Antimetabolites, Antineoplastic
1	Antineoplastic Agents, Phytogenic
1	Antiparkinson Agents
1	Antiphospholipid Syndrome
1	Antipsychotic Agents
1	Antiviral Agents
1	Aorta, Thoracic
1	Aortic Aneurysm
1	Aortic Coarctation
1	Aortic Diseases
1	Aortic Stenosis, Subvalvular
1	Aphasia, Primary Progressive
1	Apocrine Glands
1	Appendix
1	Arachidonic Acid
1	Arm
1	Arrhythmias, Cardiac
1	Arrhythmogenic Right Ventricular Dysplasia
1	Arterial Occlusive Diseases
1	Arthritis
1	Ascitic Fluid
1	Aspartic Acid Endopeptidases
1	Asphyxia Neonatorum
1	Aspirin
1	Astrocytes
1	Ataxia Telangiectasia
1	ATP Binding Cassette Transporter, Sub-Family B
1	ATP-Binding Cassette Transporters
1	Atrial Fibrillation
1	Atypical Squamous Cells of the Cervix
1	Autoantigens
1	Autoimmune Diseases
1	Axilla
1	Azacitidine
1	Azithromycin
1	B-Lymphocyte Subsets
1	Bacterial Proteins
1	Bacteriological Techniques
1	Barrett Esophagus
1	Bartter Syndrome
1	Basal Cell Nevus Syndrome
1	Basidiomycota
1	Benzimidazoles
1	Benztropine
1	beta Carotene
1	Betaine
1	Bile Ducts
1	Biliary Atresia
1	Biliary Tract Diseases
1	Biopsy, Large-Core Needle
1	Bladder Exstrophy
1	Blastocystis Infections
1	Bleomycin
1	Blister
1	Blood Transfusion, Intrauterine
1	Blotting, Western
1	Blueberry Plants
1	Bone and Bones
1	Bone Density Conservation Agents
1	Bone Diseases
1	Bone Diseases, Developmental
1	Bone Marrow Diseases
1	Bone Morphogenetic Protein 2
1	Bone Remodeling
1	Boron Compounds
1	Bovine papillomavirus 1
1	Brain Edema
1	Brain Stem Neoplasms
1	Breast Cyst
1	Breast Neoplasms, Male
1	Bronchi
1	Bronchoalveolar Lavage Fluid
1	Bronchopulmonary Sequestration
1	Brucella
1	Brucellosis
1	Budesonide
1	Bupivacaine
1	Burnout, Professional
1	Burns
1	Burns, Electric
1	C-Reactive Protein
1	CA-125 Antigen
1	CA-19-9 Antigen
1	Cadmium
1	Cadmium Chloride
1	Calbindin 2
1	Calbindins
1	Calcification, Physiologic
1	Calcitonin
1	Calcium
1	Calcium Channel Blockers
1	Canavan Disease
1	Candidiasis, Oral
1	Candidiasis, Vulvovaginal
1	Capillary Permeability
1	Captan
1	Carbamazepine
1	Carbon
1	Carbonic Anhydrase IX
1	Carcinoma, Adenoid Cystic
1	Carcinoma, Islet Cell
1	Carcinoma, Large Cell
1	Carcinoma, Mucoepidermoid
1	Carcinoma, Skin Appendage
1	Carcinoma, Verrucous
1	Cardiac Surgical Procedures
1	Cardiovascular Abnormalities
1	Cardiovascular Diseases
1	Carmustine
1	Carnitine
1	Carotenoids
1	Carotid Arteries
1	Carotid Artery Diseases
1	Carotid Artery Thrombosis
1	Carotid Artery, Internal
1	Cartilage Diseases
1	Caspase 3
1	Catechol O-Methyltransferase
1	Catheterization
1	Catheterization, Central Venous
1	Cauda Equina
1	Caveolin 1
1	CD4-Positive T-Lymphocytes
1	CD56 Antigen
1	CDX2 Transcription Factor
1	Cefoperazone
1	Cell Biology
1	Cell Division
1	Cell Movement
1	Cell Nucleolus
1	Central Nervous System Depressants
1	Central Nervous System Infections
1	Central Venous Catheters
1	Cerebellopontine Angle
1	Cerebellum
1	Cerebral Infarction
1	Cerebral Ventricle Neoplasms
1	Cerebrospinal Fluid
1	Ceremonial Behavior
1	Cesarean Section
1	Chaperonin 60
1	Charcot-Marie-Tooth Disease
1	Cheek
1	Chemokine CCL11
1	Child Behavior
1	Chlamydia Infections
1	Chlamydia trachomatis
1	Chlamydophila pneumoniae
1	Chlorhexidine
1	Chloride Channels
1	Chlorpromazine
1	Cholecystitis
1	Choledochal Cyst
1	Cholestasis, Intrahepatic
1	Cholesterol Ester Storage Disease
1	Choline O-Acetyltransferase
1	Cholinergic Antagonists
1	Chondrogenesis
1	Chondroitinsulfatases
1	Chondroma
1	Chondrosarcoma
1	Chordae Tendineae
1	Chorion
1	Chorionic Gonadotropin
1	Choroid Plexus Neoplasms
1	Chromans
1	Chromatography, Affinity
1	Chromatography, High Pressure Liquid
1	Chromatography, Ion Exchange
1	Chromosomal Proteins, Non-Histone
1	Chromosome Disorders
1	Chromosomes, Human, Pair 22
1	Chromosomes, Human, Pair 5
1	Chromosomes, Human, Pair 7
1	Churg-Strauss Syndrome
1	Cicatrix
1	Circadian Rhythm
1	Classification
1	Claudin-1
1	Claudin-4
1	Claudin-5
1	Clavicle
1	Cleft Lip
1	Cleft Palate
1	Clinical Laboratory Information Systems
1	Clobetasol
1	Clothing
1	Coal Mining
1	Coccidiosis
1	Codon, Nonsense
1	Cognition
1	Colitis, Collagenous
1	Colitis, Ulcerative
1	Collagen
1	Collagen Type I
1	Collagenous Sprue
1	Colonic Diseases
1	Color
1	Comamonas testosteroni
1	Common Variable Immunodeficiency
1	Communicable Diseases
1	Complement Activation
1	Complement C1q
1	Complement C3
1	Complement C4b
1	Computer Simulation
1	Cone-Beam Computed Tomography
1	Confined Spaces
1	Congenital Hyperinsulinism
1	Congo Red
1	Congresses as Topic
1	Conjunctival Diseases
1	Conjunctival Neoplasms
1	Connective Tissue Growth Factor
1	Contraception, Postcoital
1	Contraceptive Agents, Female
1	Contraceptive Effectiveness
1	Contrast Media
1	Cordocentesis
1	Corneal Diseases
1	Coronary Artery Bypass
1	Coronary Occlusion
1	Corpse Dismemberment
1	Corpus Striatum
1	Correspondence as Topic
1	Coumarins
1	Crime Victims
1	Critical Illness
1	Crohn Disease
1	Cross Infection
1	Cryoglobulinemia
1	Curcumin
1	Cushing Syndrome
1	Cyanosis
1	Cyclin A
1	Cyclin-Dependent Kinase Inhibitor p57
1	Cyclins
1	Cyclohexanones
1	Cyclooxygenase 1
1	Cyclooxygenase Inhibitors
1	Cyclophosphamide
1	Cystadenoma, Mucinous
1	Cystatin C
1	Cystic Adenomatoid Malformation of Lung, Congenital
1	Cystine
1	Cystitis
1	Cytochrome P-450 CYP1A1
1	Cytochrome P-450 CYP1A2 Inducers
1	Cytochrome-c Oxidase Deficiency
1	Cytomegalovirus Infections
1	Cytoplasm
1	Cytoprotection
1	Cytoskeletal Proteins
1	Cytotoxins
1	Dandy-Walker Syndrome
1	Databases, Factual
1	Death, Sudden, Cardiac
1	Decapitation
1	Decidua
1	Deglutition Disorders
1	Dementia, Vascular
1	Dendritic Cell Sarcoma, Follicular
1	Dental Care for Chronically Ill
1	Dental Cementum
1	Dental Health Surveys
1	Dental Prophylaxis
1	Dental Pulp
1	Deoxyguanosine
1	Deoxyribonucleases, Type II Site-Specific
1	Dermatofibrosarcoma
1	Dermatologic Agents
1	Dermis
1	Desmoglein 3
1	Desmoplakins
1	Desmoplastic Small Round Cell Tumor
1	Device Removal
1	Diabetes Mellitus
1	Diabetes Mellitus, Type 2
1	Diabetic Nephropathies
1	Diagnostic Tests, Routine
1	Diaphragmatic Eventration
1	Diarrhea
1	Dichlorvos
1	Diet
1	Dietary Proteins
1	Dietary Supplements
1	Diethylhexyl Phthalate
1	Diethylnitrosamine
1	Diffusion Tensor Imaging
1	Digestive System Neoplasms
1	Dimethoate
1	Dipeptidases
1	Dipeptidyl Peptidase 4
1	Diphtheria Toxoid
1	Diploidy
1	Disease Progression
1	Diseases in Twins
1	Distemper
1	Distemper Virus, Canine
1	Disulfides
1	Diverticulitis
1	DNA Fingerprinting
1	DNA Glycosylases
1	DNA Mismatch Repair
1	DNA Modification Methylases
1	DNA Mutational Analysis
1	DNA Primers
1	DNA Repair
1	DNA, Bacterial
1	DNA, Mitochondrial
1	DNA, Satellite
1	Down-Regulation
1	Drug Resistance, Multiple, Bacterial
1	Dysgerminoma
1	Dysplastic Nevus Syndrome
1	Dyspnea
1	E-Selectin
1	E2F1 Transcription Factor
1	Early Detection of Cancer
1	Echinocandins
1	Echinococcosis, Hepatic
1	Ectodermal Dysplasia
1	Eczema
1	Educational Status
1	Eicosapentaenoic Acid
1	Electron Transport Complex II
1	Ellagic Acid
1	Embolism, Air
1	Embryo, Mammalian
1	Enchondromatosis
1	Endocrine Gland Neoplasms
1	Endoplasmic Reticulum Stress
1	Endosonography
1	Endothelial Cells
1	Endothelial Growth Factors
1	Endothelin A Receptor Antagonists
1	Energy Transfer
1	Enhancer of Zeste Homolog 2 Protein
1	Enterobius
1	Eosinophil Cationic Protein
1	Eosinophilia
1	Epidermal Cyst
1	Epidermal Growth Factor
1	Epidermolysis Bullosa
1	Epirubicin
1	Epithelial-Mesenchymal Transition
1	Epithelium
1	Erectile Dysfunction
1	Erythema
1	Erythema Multiforme
1	Erythema Nodosum
1	Escherichia coli Infections
1	Esophageal Diseases
1	Esophagogastric Junction
1	Estradiol
1	Estrogen Receptor beta
1	Estrogens
1	Ethylmaleimide
1	Exons
1	Extracellular Space
1	Eye
1	Eye Injuries
1	Eye Protective Devices
1	Eyelid Diseases
1	F-Box Proteins
1	Fabry Disease
1	Face
1	Facial Asymmetry
1	Facial Neoplasms
1	Factor V
1	Fallopian Tube Neoplasms
1	Family
1	Fatty Acid-Binding Proteins
1	Feces
1	Fellowships and Scholarships
1	Ferritins
1	Fertility
1	Fetal Alcohol Spectrum Disorders
1	Fetal Death
1	Fetal Membranes, Premature Rupture
1	Fever
1	Fibroblast Growth Factors
1	Fibrocystic Breast Disease
1	Fibromatosis, Aggressive
1	Fibrosis
1	Fingers
1	Fires
1	Fluconazole
1	Fluorescent Antibody Technique
1	Fluorescent Antibody Technique, Indirect
1	Fluorodeoxyglucose F18
1	Fluticasone
1	Focal Adhesion Protein-Tyrosine Kinases
1	Focal Nodular Hyperplasia
1	Folate Receptor 1
1	Folic Acid
1	Food Preservatives
1	Foot
1	Foot-and-Mouth Disease
1	Foot-and-Mouth Disease Virus
1	Foramen Magnum
1	Foreign-Body Migration
1	Formaldehyde
1	Fractals
1	Fracture Healing
1	Fractures, Bone
1	Fractures, Cartilage
1	Fresh Water
1	Frontal Bone
1	Frontotemporal Dementia
1	Fructose
1	Fumaria
1	Functional Laterality
1	Fungal Polysaccharides
1	Fungemia
1	Fungicides, Industrial
1	Galectin 1
1	Gallbladder Diseases
1	gamma Catenin
1	Gamma Rays
1	gamma-Synuclein
1	Ganglia, Autonomic
1	Ganglia, Spinal
1	Ganglioneuroblastoma
1	Gardnerella vaginalis
1	Gastric Acid
1	Gastric Bypass
1	GATA3 Transcription Factor
1	Gelsolin
1	Gene Dosage
1	Gene Expression Regulation
1	Gene Fusion
1	Gene Products, env
1	Gene Rearrangement
1	Genes, bcl-2
1	Genes, BRCA2
1	Genes, ras
1	Genes, Recessive
1	Genetics, Population
1	Genital Neoplasms, Female
1	Genitalia, Female
1	Genitalia, Male
1	Genotype
1	Gentamicins
1	Giant Cell Tumor of Bone
1	Gills
1	Gingival Crevicular Fluid
1	Gingival Hypertrophy
1	Gingival Neoplasms
1	Gingival Overgrowth
1	Ginkgo biloba
1	Glial Cell Line-Derived Neurotrophic Factor
1	Glomerular Mesangium
1	Glomerulonephritis, IGA
1	Glomerulonephritis, Membranous
1	Glomus Jugulare Tumor
1	Glomus Tumor
1	Glucagon
1	Glucocorticoids
1	Glucose Transporter Type 1
1	Glutathione Transferase
1	Glycated Hemoglobin A
1	Glycogen Storage Disease Type I
1	Glypicans
1	Gonadoblastoma
1	Gout Suppressants
1	GPI-Linked Proteins
1	Graft Rejection
1	Graft vs Host Disease
1	Granuloma, Foreign-Body
1	Granuloma, Giant Cell
1	Granulomatosis with Polyangiitis
1	Granulosa Cell Tumor
1	Grape Seed Extract
1	Graves Disease
1	Growth Hormone-Releasing Hormone
1	Growth Plate
1	Growth Substances
1	GTPase-Activating Proteins
1	Guanidines
1	Guidelines as Topic
1	Hair
1	Hair Diseases
1	Hair Removal
1	Haloperidol
1	Hand
1	Hand Deformities, Acquired
1	Haplotypes
1	Headache
1	Health Personnel
1	Hearing Loss, Sensorineural
1	Hearing Loss, Sudden
1	Heart Defects, Congenital
1	Heart Injuries
1	Heart Valve Diseases
1	Heart Valves
1	Hemangioblastoma
1	Hemangioendothelioma, Epithelioid
1	Hemangioma, Cavernous
1	Hemangioma, Cavernous, Central Nervous System
1	Hemangiopericytoma
1	Hematocolpos
1	Hematologic Neoplasms
1	Hematoma, Subdural, Acute
1	Hematopoiesis
1	Hemolysis
1	Hemorrhagic Fever, Crimean
1	Heparin, Low-Molecular-Weight
1	Hepatectomy
1	Hepatic Veins
1	Hepatic Veno-Occlusive Disease
1	Hepatitis A Virus Cellular Receptor 1
1	Hepatitis B Core Antigens
1	Hepatitis B e Antigens
1	Hepatitis B Vaccines
1	Hepatitis B virus
1	Hepatitis C
1	Hepatitis, Autoimmune
1	Hepatocyte Growth Factor
1	Herbicides
1	Hereditary Sensory and Autonomic Neuropathies
1	Hereditary Sensory and Motor Neuropathy
1	Hernia, Abdominal
1	Herpes Simplex
1	Hesperidin
1	Heterogeneous-Nuclear Ribonucleoprotein Group A-B
1	Heterozygote
1	High-Throughput Nucleotide Sequencing
1	Hip Joint
1	Hirschsprung Disease
1	Histamine
1	Histiocytosis, Langerhans-Cell
1	Histiocytosis, Sinus
1	Histocompatibility Antigens Class I
1	Histological Techniques
1	Histones
1	HLA-B Antigens
1	HLA-B27 Antigen
1	HLA-C Antigens
1	HLA-D Antigens
1	HLA-DR2 Antigen
1	Homozygote
1	Hormones, Ectopic
1	Hospital Administration
1	Hot Temperature
1	HSP90 Heat-Shock Proteins
1	Human Papillomavirus DNA Tests
1	Humerus
1	Hyalin
1	Hyaluronic Acid
1	Hydrolases
1	Hydronephrosis
1	Hydroxymethylglutaryl-CoA Reductase Inhibitors
1	Hymen
1	Hyoid Bone
1	Hyperbaric Oxygenation
1	Hyperbilirubinemia
1	Hyperhomocysteinemia
1	Hyperparathyroidism, Primary
1	Hypersensitivity
1	Hypertension
1	Hypertension, Portal
1	Hyperthermia, Induced
1	Hyperthyroidism
1	Hypesthesia
1	Hypolipidemic Agents
1	Hypoplastic Left Heart Syndrome
1	Hypothyroidism
1	Hypoxia
1	Hysterectomy
1	Ibuprofen
1	Iliac Artery
1	Iloprost
1	Image Cytometry
1	Imatinib Mesylate
1	Imipramine
1	Immediate-Early Proteins
1	Immune System
1	Immunoassay
1	Immunocompetence
1	Immunoenzyme Techniques
1	Immunoglobulin G
1	Immunoglobulin Isotypes
1	Immunophenotyping
1	Immunotherapy
1	In Situ Hybridization, Fluorescence
1	Indomethacin
1	Infant, Newborn, Diseases
1	Infant, Premature
1	Infarction
1	Infection Control
1	Infectious Disease Transmission, Vertical
1	Infectious Encephalitis
1	Inflammation Mediators
1	Inflammatory Bowel Diseases
1	Influenza A Virus, H1N1 Subtype
1	Influenza A Virus, H5N1 Subtype
1	Influenza Vaccines
1	Influenza, Human
1	Inguinal Canal
1	Inhalation Exposure
1	Inhibins
1	Inhibitor of Apoptosis Proteins
1	Insulin-Like Growth Factor I
1	Integrin beta4
1	Interferon-gamma
1	Interleukin-10
1	Interleukin-17
1	Interleukin-1alpha
1	Interleukin-4
1	Interleukin-8
1	Interleukins
1	Intermediate Filament Proteins
1	Intestinal Volvulus
1	Intestine, Large
1	Intra-Abdominal Fat
1	Intra-Abdominal Hypertension
1	Intracellular Signaling Peptides and Proteins
1	Intracranial Aneurysm
1	Intracranial Embolism
1	Intramolecular Oxidoreductases
1	Intraocular Pressure
1	Intraoperative Care
1	Intraoperative Complications
1	Intrauterine Devices
1	Iodine Radioisotopes
1	Ischemia
1	Ischemic Preconditioning
1	Islets of Langerhans
1	Isoflurane
1	Isothiuronium
1	Jaundice
1	Jaundice, Neonatal
1	JNK Mitogen-Activated Protein Kinases
1	Job Satisfaction
1	Juxtaglomerular Apparatus
1	Keratin-20
1	Keratitis
1	Ketamine
1	Kidney Calculi
1	Kidney Cortex
1	Kidney Medulla
1	Kidney Pelvis
1	Killer Cells, Natural
1	Knee Joint
1	Labor, Obstetric
1	Lactoferrin
1	Lactones
1	Laminin
1	Langerhans Cells
1	Laparoscopy
1	Laryngeal Mucosa
1	Larynx
1	Laser Therapy
1	Lead
1	Learning
1	Legionnaires' Disease
1	Legislation, Medical
1	Leiomyomatosis
1	Leishmania
1	Leishmaniasis, Cutaneous
1	Leishmaniasis, Visceral
1	Leukemia
1	Leukemia, Hairy Cell
1	Leukemia, Large Granular Lymphocytic
1	Leukemia, Lymphocytic, Chronic, B-Cell
1	Leukemia, Megakaryoblastic, Acute
1	Leukemia-Lymphoma, Adult T-Cell
1	Leukoplakia
1	Leukotriene Antagonists
1	Lewy Bodies
1	Lewy Body Disease
1	Leydig Cell Tumor
1	Lichen Planus
1	Lichenoid Eruptions
1	Limb Deformities, Congenital
1	Lipid A
1	Lipids
1	Lipoid Proteinosis of Urbach and Wiethe
1	Lipomatosis
1	Lipopolysaccharides
1	Lipoproteins, LDL
1	Liposarcoma
1	Liposarcoma, Myxoid
1	Lipotropic Agents
1	Lithium
1	Liver Glycogen
1	Low Back Pain
1	Low-Level Light Therapy
1	Lumbar Vertebrae
1	Lung Injury
1	Lupus Erythematosus, Systemic
1	Luteoma
1	Lymphangioleiomyomatosis
1	Lymphangioma
1	Lymphangioma, Cystic
1	Lymphocyte Activation
1	Lymphocyte Count
1	Lymphocytosis
1	Lymphokines
1	Lymphoma, Primary Effusion
1	Lymphoma, T-Cell
1	Lymphomatoid Granulomatosis
1	Machine Learning
1	Macrophage Migration-Inhibitory Factors
1	Magnesium
1	Magnetic Resonance Imaging
1	Major Histocompatibility Complex
1	Malabsorption Syndromes
1	Malondialdehyde
1	Malpractice
1	Mammary Arteries
1	Mammary Glands, Human
1	Mandelic Acids
1	Mannheimia haemolytica
1	Marijuana Abuse
1	MART-1 Antigen
1	Matrix Metalloproteinase 1
1	Matrix Metalloproteinase 10
1	Matrix Metalloproteinase 8
1	Matrix Metalloproteinase Inhibitors
1	Mean Platelet Volume
1	Median Nerve
1	Mediastinal Neoplasms
1	Medical Errors
1	Melanins
1	Melanocyte-Stimulating Hormones
1	Melanoma, Amelanotic
1	Melanoma-Specific Antigens
1	Membrane Glycoproteins
1	Membrane Transport Proteins
1	Meningoencephalitis
1	Menstrual Cycle
1	Mental Disorders
1	Merkel Cells
1	Mesoderm
1	Metabolic Syndrome
1	Methanol
1	Methenolone
1	Methicillin-Resistant Staphylococcus aureus
1	Methimazole
1	Methiocarb
1	Methionine
1	Methyl Ethers
1	Methylcellulose
1	Methylcholanthrene
1	Methylene Blue
1	Methylmethacrylate
1	Methylnitrosourea
1	Methylprednisolone
1	Microcephaly
1	Microcirculation
1	Micronucleus Tests
1	Microscopy, Electron, Transmission
1	Microscopy, Fluorescence
1	Microsomes, Liver
1	Microtomy
1	Microvilli
1	Middle Cerebral Artery
1	Milk
1	Milk Proteins
1	Minichromosome Maintenance Complex Component 3
1	Minor Histocompatibility Antigens
1	Mite Infestations
1	Mitochondrial Diseases
1	Mitogen-Activated Protein Kinases
1	Mitogens
1	Mitral Valve
1	Mitral Valve Stenosis
1	Molar
1	Molar, Third
1	Molecular Targeted Therapy
1	Monomeric GTP-Binding Proteins
1	Mouth Diseases
1	Mouthwashes
1	Mucin-1
1	Mucinosis, Follicular
1	Mucolipidoses
1	Mucopolysaccharidosis IV
1	Mullerian Ducts
1	Multidrug Resistance-Associated Proteins
1	Multiple Endocrine Neoplasia Type 2a
1	Multiple Myeloma
1	Multiple Sclerosis
1	Multiple Sclerosis, Relapsing-Remitting
1	Multiple System Atrophy
1	Muscle Cells
1	Muscle Contraction
1	Muscle Fibers, Fast-Twitch
1	Muscle Fibers, Slow-Twitch
1	Muscle Proteins
1	Muscular Diseases
1	Mutagenesis, Site-Directed
1	MutS Homolog 2 Protein
1	Myasthenia Gravis
1	Mycobacterium Infections, Nontuberculous
1	Mycoplasma
1	Mycoplasma Infections
1	Mycoses
1	Mycosis Fungoides
1	Mycotoxins
1	Myelodysplastic Syndromes
1	Myeloid Differentiation Factor 88
1	Myelolipoma
1	Myeloproliferative Disorders
1	Myocytes, Cardiac
1	Myocytes, Smooth Muscle
1	Myoepithelioma
1	Myofibroma
1	Myoglobin
1	Myometrium
1	Myxosarcoma
1	Naphthol AS D Esterase
1	Narcolepsy
1	Nasal Polyps
1	Natriuretic Peptide, Brain
1	NAV1.5 Voltage-Gated Sodium Channel
1	Neck Pain
1	Necrosis
1	Neoplasm Regression, Spontaneous
1	Neoplasm Seeding
1	Neoplasms, Complex and Mixed
1	Neoplasms, Neuroepithelial
1	Neoplasms, Squamous Cell
1	Neoplasms, Unknown Primary
1	Neopterin
1	Neospora
1	Nephrocalcinosis
1	Nephroma, Mesoblastic
1	Nephrotic Syndrome
1	Nerve Degeneration
1	Nerve Fibers, Myelinated
1	Neural Cell Adhesion Molecules
1	Neuraminidase
1	Neuroectodermal Tumors, Primitive, Peripheral
1	Neurofibromatosis 1
1	Neuroma, Acoustic
1	Neuropeptides
1	Neurosecretory Systems
1	Neutropenia
1	Nevus
1	NF-E2 Transcription Factor, p45 Subunit
1	NF-kappa B
1	NG-Nitroarginine Methyl Ester
1	Nicotine
1	Nigella sativa
1	Nitro Compounds
1	Nitroso Compounds
1	NM23 Nucleoside Diphosphate Kinases
1	Nontuberculous Mycobacteria
1	Norethindrone
1	Norpregnadienes
1	Nose Deformities, Acquired
1	Nucleic Acid Hybridization
1	Obstetric Labor, Premature
1	Occludin
1	Occupational Diseases
1	Ochronosis
1	Octreotide
1	Odontoblasts
1	Oils, Volatile
1	Oligodendroglioma
1	Oligospermia
1	Omalizumab
1	Omentum
1	Oncogene Proteins
1	Oncogenes
1	Operating Rooms
1	Ophthalmology
1	Oral Health
1	Oral Hygiene
1	Orchiectomy
1	Organothiophosphorus Compounds
1	Origanum
1	Orthodontic Appliances
1	Osteoblastoma
1	Osteocalcin
1	Osteochondroma
1	Osteogenesis
1	Osteoma, Osteoid
1	Osteomalacia
1	Otitis Media, Suppurative
1	Ovariectomy
1	Ovum
1	Oxidants
1	Oxidoreductases
1	Oxygenases
1	Paclitaxel
1	Paired Box Transcription Factors
1	Palate, Hard
1	Palate, Soft
1	Pancreatectomy
1	Pancreatic Diseases
1	Pancreatic Ducts
1	Pancreatic Hormones
1	Pancreatitis, Acute Necrotizing
1	Pancreatitis, Chronic
1	Pandemics
1	Panniculitis
1	Panniculitis, Nodular Nonsuppurative
1	Pantothenic Acid
1	Paraganglioma
1	Paraganglioma, Extra-Adrenal
1	Parakeratosis
1	Paralysis
1	Paraproteinemias
1	Paraquat
1	Parathyroid Hormone
1	Parkinson Disease
1	Parotid Diseases
1	Parvovirus B19, Human
1	Pasteurella Infections
1	Patched-1 Receptor
1	Pattern Recognition, Automated
1	PAX8 Transcription Factor
1	Pelvic Inflammatory Disease
1	Pemphigus
1	Penicillanic Acid
1	Penile Erection
1	Pentalogy of Cantrell
1	Peptide Hydrolases
1	Pericytes
1	Periodontal Cyst
1	Periodontal Diseases
1	Peritoneal Dialysis, Continuous Ambulatory
1	Peritonitis, Tuberculous
1	Permethrin
1	Peroxisome Proliferator-Activated Receptors
1	Pestivirus
1	Pestivirus Infections
1	Peyer's Patches
1	Phenotype
1	Pheochromocytoma
1	Phosphates
1	Phosphodiesterase 5 Inhibitors
1	Phosphopyruvate Hydratase
1	Phosphoric Monoester Hydrolases
1	Photomicrography
1	Phrenic Nerve
1	Phytohemagglutinins
1	Phytotherapy
1	Piebaldism
1	Pigmentation
1	Pigmentation Disorders
1	Pilomatrixoma
1	Pinealoma
1	Piperazines
1	Pituitary Diseases
1	Pituitary Gland, Anterior
1	Placentation
1	Plakophilins
1	Plant Oils
1	Plants, Toxic
1	Plasma Cells
1	Plasmacytoma
1	Plasminogen Activator Inhibitor 1
1	Platelet Aggregation Inhibitors
1	Pleural Effusion
1	Ploidies
1	Pneumonia
1	Pneumonia, Viral
1	Podocytes
1	Poly(ADP-ribose) Polymerases
1	Polycystic Kidney Diseases
1	Polycystic Ovary Syndrome
1	Polycythemia Vera
1	Polydactyly
1	Polyethylene Glycols
1	Porokeratosis
1	Poroma
1	Porphyromonas gingivalis
1	Practice Guidelines as Topic
1	Precursor T-Cell Lymphoblastic Leukemia-Lymphoma
1	Pregnancy Complications, Hematologic
1	Pregnancy Complications, Infectious
1	Pregnancy Proteins
1	Pregnancy Trimester, First
1	Pregnancy, Abdominal
1	Pregnancy, Tubal
1	Pregnancy, Twin
1	Pregnatrienes
1	Premature Birth
1	Proanthocyanidins
1	Procollagen
1	Progesterone Congeners
1	Propofol
1	Propolis
1	Prostate-Specific Antigen
1	Protease Inhibitors
1	Protein Hydrolysates
1	Protein Kinase Inhibitors
1	Protein Kinases
1	Protein Processing, Post-Translational
1	Protein Tyrosine Phosphatases
1	Protein-Losing Enteropathies
1	Protein-Serine-Threonine Kinases
1	Protein-Tyrosine Kinases
1	Proteins
1	Proteinuria
1	Proteoglycans
1	Prothrombin
1	Proto-Oncogene Protein c-fli-1
1	Proto-Oncogene Proteins c-akt
1	Proto-Oncogene Proteins c-jun
1	Proto-Oncogene Proteins c-ret
1	Psychiatric Status Rating Scales
1	Puberty, Precocious
1	Pulmonary Blastoma
1	Pulmonary Edema
1	Pulmonary Embolism
1	Pulmonary Surfactant-Associated Protein A
1	Pulmonary Surfactant-Associated Protein C
1	Pulmonary Surfactants
1	Purpura, Schoenlein-Henoch
1	PUVA Therapy
1	Pyelonephritis
1	Pyridines
1	Pyrimidines
1	Pyrrolidines
1	Pyruvates
1	Quality Assurance, Health Care
1	Quality Indicators, Health Care
1	Quercetin
1	Quinolones
1	Radiation Injuries
1	Radiation-Protective Agents
1	Radioisotopes
1	Radius
1	Ranidae
1	Rare Diseases
1	Real-Time Polymerase Chain Reaction
1	Receptor Protein-Tyrosine Kinases
1	Receptor, Anaphylatoxin C5a
1	Receptor, Fibroblast Growth Factor, Type 1
1	Receptor, IGF Type 1
1	Receptor, Notch1
1	Receptors, Calcitriol
1	Receptors, Cell Surface
1	Receptors, Glucocorticoid
1	Receptors, Interleukin-2
1	Receptors, KIR
1	Receptors, Serotonin
1	Receptors, Somatostatin
1	Receptors, Tumor Necrosis Factor, Type I
1	Receptors, Urokinase Plasminogen Activator
1	Rectum
1	Reed-Sternberg Cells
1	Referral and Consultation
1	REM Sleep Behavior Disorder
1	Renal Dialysis
1	Renal Veins
1	Renin
1	Reproduction
1	Research Design
1	Research Report
1	Resistin
1	Respiratory Distress Syndrome, Newborn
1	Respiratory Mucosa
1	Respiratory Syncytial Virus Infections
1	Respiratory System Abnormalities
1	Respiratory System Agents
1	Restraint, Physical
1	Reticulin
1	Retinal Dehydrogenase
1	Retroviridae
1	Rhabdomyolysis
1	Rhabdomyoma
1	Rhabdomyosarcoma, Embryonal
1	rhoA GTP-Binding Protein
1	Riots
1	RNA, Small Nuclear
1	RNA-Binding Protein EWS
1	S100 Proteins
1	Saccharomyces cerevisiae Proteins
1	Salivary Glands
1	Sarcoidosis
1	Scalp
1	Scapula
1	Schwann Cells
1	Sciatic Neuropathy
1	Scleroderma, Systemic
1	Scrotum
1	Sebaceous Glands
1	Security Measures
1	Sensation
1	Sentinel Lymph Node Biopsy
1	Septins
1	Sequence Analysis, DNA
1	Serine Endopeptidases
1	Sertoli Cell Tumor
1	Serum
1	Serum Amyloid P-Component
1	Sex Chromosomes
1	Sex Determination by Skeleton
1	Sildenafil Citrate
1	Silver Nitrate
1	Silver Staining
1	Sinusitis
1	Sirtuin 1
1	Sister Chromatid Exchange
1	Skin Diseases, Vesiculobullous
1	Skin Ulcer
1	Skull Fracture, Depressed
1	Skull Fractures
1	Smad2 Protein
1	Smad7 Protein
1	SMARCB1 Protein
1	Smoke Inhalation Injury
1	Social Media
1	Sodium Nitrite
1	Solitary Fibrous Tumor, Pleural
1	Solitary Fibrous Tumors
1	Solitary Pulmonary Nodule
1	Somatostatin
1	SOXC Transcription Factors
1	Spermatogenesis
1	Sphingomyelin Phosphodiesterase
1	Spinal Cord Compression
1	Spinal Cord Ischemia
1	Spinal Cord Neoplasms
1	Spinal Diseases
1	Spinal Dysraphism
1	Spine
1	Splenectomy
1	Splenomegaly
1	Staphylococcal Infections
1	Stem Cells
1	Stereotaxic Techniques
1	Sterilization, Reproductive
1	Steroid 21-Hydroxylase
1	Stomach Diseases
1	Streptococcus agalactiae
1	Streptozocin
1	Stress Disorders, Post-Traumatic
1	Sublingual Gland
1	Submandibular Gland Diseases
1	Submandibular Gland Neoplasms
1	Substance-Related Disorders
1	Suicide, Attempted
1	Sulbactam
1	Sulfhydryl Reagents
1	Sulfonylurea Receptors
1	Surgical Instruments
1	Surgical Sponges
1	Sutures
1	Symporters
1	Synovial Fluid
1	Syphilis, Cutaneous
1	Syringoma
1	T-Lymphocytes, Cytotoxic
1	Tacrolimus Binding Proteins
1	Talc
1	Tamoxifen
1	Tandem Repeat Sequences
1	Tear Gases
1	Tectum Mesencephali
1	Telepathology
1	Telomere
1	Temperature
1	Tendon Transfer
1	Tendons
1	Tenuazonic Acid
1	Term Birth
1	Testicular Hydrocele
1	Th17 Cells
1	Thecoma
1	Thiazoles
1	Thienamycins
1	Thiocarbamates
1	Thioglycolates
1	Thiopental
1	Thiophenes
1	Thioredoxin Reductase 1
1	Thrombocythemia, Essential
1	Thrombophilia
1	Thrombospondin 1
1	Thromboxane-A Synthase
1	Thymus Gland
1	Thyroglobulin
1	Thyroglossal Cyst
1	Thyroid Cartilage
1	Thyroiditis
1	Thyroiditis, Autoimmune
1	Thyroiditis, Subacute
1	Tissue Adhesions
1	Tissue Donors
1	Tissue Inhibitor of Metalloproteinase-1
1	Tissue Inhibitor of Metalloproteinase-2
1	Tissue Inhibitor of Metalloproteinase-3
1	Tissue Preservation
1	Tobacco
1	Toll-Like Receptor 8
1	Tonometry, Ocular
1	Tonsillitis
1	Tooth
1	Tooth Diseases
1	Torsion Abnormality
1	Torture
1	Toxoplasma
1	Toxoplasmosis
1	Trace Elements
1	Transcriptome
1	Transforming Growth Factor alpha
1	Transforming Growth Factor beta3
1	Transglutaminases
1	Transplant Recipients
1	Trastuzumab
1	Trauma Severity Indices
1	Travel
1	Triage
1	Triazoles
1	Trichloroacetic Acid
1	Trichomonas vaginalis
1	Trichomonas Vaginitis
1	Triglycerides
1	Trimetazidine
1	Trinitrobenzenesulfonic Acid
1	Trisomy
1	Tropanes
1	Troponin T
1	TRPM Cation Channels
1	Tuberculin Test
1	Tuberculoma, Intracranial
1	Tuberculosis, Lymph Node
1	Tuberculosis, Multidrug-Resistant
1	Tuberculosis, Pleural
1	Tuberculosis, Spinal
1	Tumor Cells, Cultured
1	Tumor Necrosis Factors
1	Tumor Virus Infections
1	Tunicamycin
1	Turner Syndrome
1	Twins, Conjoined
1	Tyrosine
1	Ubiquitin
1	Ubiquitin-Conjugating Enzymes
1	Ubiquitin-Protein Ligases
1	Ulna
1	Ulnar Neuropathies
1	Ultrasonography, Prenatal
1	Ultraviolet Rays
1	Ultraviolet Therapy
1	Umbilicus
1	Upper Gastrointestinal Tract
1	Urethral Neoplasms
1	Uric Acid
1	Urinary Bladder, Overactive
1	Urology
1	Urticaria
1	Uterine Cervicitis
1	Uterine Diseases
1	Uterine Prolapse
1	Uveal Neoplasms
1	Vaccination
1	Vacuoles
1	Vaginal Discharge
1	Vaginal Neoplasms
1	Vascular Diseases
1	Vascular Endothelial Growth Factor C
1	Vascular Endothelial Growth Factor D
1	Vascular Endothelial Growth Factor Receptor-1
1	Vascular Endothelial Growth Factor Receptor-2
1	Vascular Neoplasms
1	Vascular Remodeling
1	Vasculitis
1	Vasodilator Agents
1	Vault Ribonucleoprotein Particles
1	Vena Cava, Inferior
1	Ventricular Dysfunction, Left
1	Ventricular Outflow Obstruction
1	Verapamil
1	Viral Load
1	Viral Tropism
1	Vitamin B 12
1	Vitamin B Complex
1	Vitamin D
1	Vitamin E Deficiency
1	Vitiligo
1	von Willebrand Factor
1	Vulvar Diseases
1	Waldenstrom Macroglobulinemia
1	Water Microbiology
1	West Nile virus
1	Wolffian Ducts
1	World Health Organization
1	Wound Healing
1	Writing
1	Xanthine Oxidase
1	Xanthomatosis
1	Yeasts
1	Zonula Occludens-1 Protein
